name;kind;verdict;trace_length;hibou_time_tries;hibou_tries_quickest;hibou_time_median
sensor_explo_t10028;ACPT;WeakPass;610;[0.5861007, 0.6697587, 0.5977787, 0.6244769, 0.6632744];['WT_LOC', 'WT_LOC', 'WT_LOC', 'WT_LOC', 'WT_LOC'];0.6244769
sensor_explo_t10152;ACPT;WeakPass;380;[0.2409016, 0.2866074, 0.2831, 0.2467693, 0.2293231];['WT_LOC', 'WT_LOC', 'WT_LOC', 'WT_LOC', 'WT_LOC'];0.2467693
sensor_explo_t1198;ACPT;WeakPass;570;[0.5493386, 0.5100825, 0.4995476, 0.4949163, 0.5561473];['WT_LOC', 'WT_LOC', 'WT_LOC', 'WT_LOC', 'WT_LOC'];0.5100825
sensor_explo_t1506;ACPT;WeakPass;620;[0.5737721, 0.6357205, 0.6014894, 0.563395, 0.5191723];['WT_LOC', 'WT_LOC', 'WT_LOC', 'WT_LOC', 'WT_LOC'];0.5737721
sensor_explo_t1795;ACPT;WeakPass;590;[0.4618404, 0.4654123, 0.5089845, 0.4913649, 0.4908255];['WT_LOC', 'WT_LOC', 'WT_LOC', 'WT_LOC', 'WT_LOC'];0.4908255
sensor_explo_t2085;ACPT;WeakPass;600;[0.5761245, 0.5724929, 0.4854289, 0.5628057, 0.5350844];['WT_LOC', 'WT_LOC', 'WT_LOC', 'WT_LOC', 'WT_LOC'];0.5628057
sensor_explo_t2375;ACPT;WeakPass;600;[0.6464883, 0.6663808, 0.5468265, 0.7224178, 0.55427];['WT_LOC', 'WT_LOC', 'WT_LOC', 'WT_LOC', 'WT_LOC'];0.6464883
sensor_explo_t2664;ACPT;WeakPass;600;[0.6630924, 0.7855762, 0.7856286, 0.508999, 0.5210783];['WT_LOC', 'WT_LOC', 'WT_LOC', 'WT_LOC', 'WT_LOC'];0.6630924
sensor_explo_t2956;ACPT;WeakPass;600;[0.5699451, 0.5166461, 0.5638632, 0.5806902, 0.5277687];['WT_LOC', 'WT_LOC', 'WT_LOC', 'WT_LOC', 'WT_LOC'];0.5638632
sensor_explo_t314;ACPT;WeakPass;620;[0.7208525, 0.5479574, 0.6057323, 0.5737096, 0.669179];['WT_LOC', 'WT_LOC', 'WT_LOC', 'WT_LOC', 'WT_LOC'];0.6057323
sensor_explo_t3240;ACPT;WeakPass;600;[0.5501417, 0.5241466, 0.5614876, 0.5834446, 0.5682838];['WT_LOC', 'WT_LOC', 'WT_LOC', 'WT_LOC', 'WT_LOC'];0.5614876
sensor_explo_t3511;ACPT;WeakPass;580;[0.5519912, 0.5296436, 0.5770605, 0.5830803, 0.5879699];['WT_LOC', 'WT_LOC', 'WT_LOC', 'WT_LOC', 'WT_LOC'];0.5770605
sensor_explo_t3783;ACPT;WeakPass;590;[0.7397589, 0.6151504, 0.5717079, 0.8795332, 0.956696];['WT_LOC', 'WT_LOC', 'WT_LOC', 'WT_LOC', 'WT_LOC'];0.7397589
sensor_explo_t4075;ACPT;WeakPass;630;[1.2278055, 0.9495365, 1.0785026, 0.9589203, 1.3188456];['WT_LOC', 'WT_LOC', 'WT_LOC', 'WT_LOC', 'WT_LOC'];1.0785026
sensor_explo_t4366;ACPT;WeakPass;620;[1.0192537, 0.6514401, 0.6234702, 0.5748557, 0.594854];['WT_LOC', 'WT_LOC', 'WT_LOC', 'WT_LOC', 'WT_LOC'];0.6234702
sensor_explo_t4648;ACPT;WeakPass;620;[0.6596565, 0.5828395, 0.5314131, 0.6090794, 0.6123599];['WT_LOC', 'WT_LOC', 'WT_LOC', 'WT_LOC', 'WT_LOC'];0.6090794
sensor_explo_t4924;ACPT;WeakPass;610;[0.5520206, 0.5664123, 0.5752479, 0.5565291, 0.5739958];['WT_LOC', 'WT_LOC', 'WT_LOC', 'WT_LOC', 'WT_LOC'];0.5664123
sensor_explo_t5196;ACPT;WeakPass;600;[0.5506993, 0.5255328, 0.5138228, 0.5617417, 0.5376726];['WT_LOC', 'WT_LOC', 'WT_LOC', 'WT_LOC', 'WT_LOC'];0.5376726
sensor_explo_t5475;ACPT;WeakPass;630;[0.5952954, 0.5963181, 0.558946, 0.6006191, 0.5911681];['SAME', 'SAME', 'NO_LOC', 'WT_LOC', 'NO_LOC'];0.5952954
sensor_explo_t5739;ACPT;WeakPass;600;[0.5676268, 0.5338983, 0.5608065, 0.5195507, 0.5484765];['WT_LOC', 'WT_LOC', 'WT_LOC', 'WT_LOC', 'WT_LOC'];0.5484765
sensor_explo_t5999;ACPT;WeakPass;600;[0.5195907, 0.540804, 0.6089246, 0.6719319, 0.7589984];['WT_LOC', 'WT_LOC', 'WT_LOC', 'WT_LOC', 'WT_LOC'];0.6089246
sensor_explo_t623;ACPT;WeakPass;610;[0.7938976, 0.6996269, 0.5800753, 0.5668373, 0.6119348];['WT_LOC', 'WT_LOC', 'WT_LOC', 'WT_LOC', 'WT_LOC'];0.6119348
sensor_explo_t6259;ACPT;WeakPass;600;[0.531293, 0.5253344, 0.6219322, 0.9271196, 0.5708966];['WT_LOC', 'WT_LOC', 'WT_LOC', 'WT_LOC', 'WT_LOC'];0.5708966
sensor_explo_t6518;ACPT;WeakPass;600;[0.537277, 0.7578331, 1.1512073, 0.5561963, 0.5199185];['WT_LOC', 'WT_LOC', 'WT_LOC', 'WT_LOC', 'WT_LOC'];0.5561963
sensor_explo_t6779;ACPT;WeakPass;600;[0.5487961, 0.5882379, 0.5349934, 0.6364353, 0.6136923];['WT_LOC', 'WT_LOC', 'WT_LOC', 'WT_LOC', 'WT_LOC'];0.5882379
sensor_explo_t7036;ACPT;WeakPass;600;[0.518287, 0.6042895, 0.5141159, 0.5302026, 0.5378867];['WT_LOC', 'WT_LOC', 'WT_LOC', 'WT_LOC', 'WT_LOC'];0.5302026
sensor_explo_t7287;ACPT;WeakPass;590;[0.5402234, 0.4996734, 0.5349827, 0.5107784, 0.5430666];['WT_LOC', 'WT_LOC', 'WT_LOC', 'WT_LOC', 'WT_LOC'];0.5349827
sensor_explo_t7540;ACPT;WeakPass;590;[0.5155275, 0.4849182, 0.5585731, 0.5581316, 0.5469931];['WT_LOC', 'WT_LOC', 'WT_LOC', 'WT_LOC', 'WT_LOC'];0.5469931
sensor_explo_t7805;ACPT;WeakPass;620;[0.6239077, 0.6514661, 0.7250673, 0.6039882, 0.5946575];['WT_LOC', 'WT_LOC', 'WT_LOC', 'WT_LOC', 'WT_LOC'];0.6239077
sensor_explo_t8067;ACPT;WeakPass;610;[0.6288831, 0.5726258, 0.6006269, 0.6056358, 0.5596105];['WT_LOC', 'WT_LOC', 'WT_LOC', 'WT_LOC', 'WT_LOC'];0.6006269
sensor_explo_t8313;ACPT;WeakPass;590;[0.5301891, 0.8072039, 0.5982451, 0.578059, 0.569676];['WT_LOC', 'WT_LOC', 'WT_LOC', 'WT_LOC', 'WT_LOC'];0.578059
sensor_explo_t8572;ACPT;WeakPass;620;[0.6064066, 0.6973231, 0.6814789, 0.7855834, 0.7781599];['WT_LOC', 'WT_LOC', 'WT_LOC', 'WT_LOC', 'WT_LOC'];0.6973231
sensor_explo_t8804;ACPT;WeakPass;570;[0.625417, 0.744798, 0.5482625, 0.5080065, 0.4865522];['WT_LOC', 'WT_LOC', 'WT_LOC', 'WT_LOC', 'WT_LOC'];0.5482625
sensor_explo_t9041;ACPT;WeakPass;590;[0.5803432, 0.6029041, 0.5341513, 0.562516, 0.5527719];['WT_LOC', 'WT_LOC', 'WT_LOC', 'WT_LOC', 'WT_LOC'];0.562516
sensor_explo_t916;ACPT;WeakPass;590;[0.7436849, 0.5920173, 0.5787847, 0.5905671, 0.5616434];['WT_LOC', 'WT_LOC', 'WT_LOC', 'WT_LOC', 'WT_LOC'];0.5905671
sensor_explo_t9282;ACPT;WeakPass;600;[0.5965805, 0.5203853, 0.5399554, 0.5253305, 0.5076284];['WT_LOC', 'WT_LOC', 'WT_LOC', 'WT_LOC', 'WT_LOC'];0.5253305
sensor_explo_t9536;ACPT;WeakPass;620;[0.6032657, 0.5818458, 0.5787515, 0.6687482, 0.585313];['WT_LOC', 'WT_LOC', 'WT_LOC', 'WT_LOC', 'WT_LOC'];0.585313
sensor_explo_t9786;ACPT;WeakPass;620;[0.6146832, 0.6093511, 0.5995439, 0.5698845, 0.5898621];['WT_LOC', 'WT_LOC', 'WT_LOC', 'WT_LOC', 'WT_LOC'];0.5995439
t10028s1;PREF;WeakPass;419;[0.3405866, 0.2991902, 0.338487, 0.3356962, 0.2901155];['WT_LOC', 'WT_LOC', 'WT_LOC', 'WT_LOC', 'WT_LOC'];0.3356962
t10028s2;PREF;WeakPass;403;[0.2680685, 0.2413286, 0.2528655, 0.2846052, 0.2452274];['WT_LOC', 'WT_LOC', 'WT_LOC', 'WT_LOC', 'WT_LOC'];0.2528655
t10028s3;PREF;WeakPass;492;[0.4366873, 0.4788361, 0.4403398, 0.4303685, 0.461268];['WT_LOC', 'WT_LOC', 'WT_LOC', 'WT_LOC', 'WT_LOC'];0.4403398
t10152s1;PREF;WeakPass;249;[0.0966833, 0.0852366, 0.0964347, 0.0821406, 0.0821581];['WT_LOC', 'WT_LOC', 'WT_LOC', 'WT_LOC', 'WT_LOC'];0.0852366
t10152s2;PREF;WeakPass;255;[0.0681133, 0.0676003, 0.0830254, 0.0898853, 0.09445];['NO_LOC', 'NO_LOC', 'NO_LOC', 'NO_LOC', 'NO_LOC'];0.0830254
t10152s3;PREF;WeakPass;302;[0.0819338, 0.0660655, 0.0677467, 0.0748541, 0.0770909];['NO_LOC', 'NO_LOC', 'NO_LOC', 'NO_LOC', 'NO_LOC'];0.0748541
t1198s1;PREF;WeakPass;443;[0.3232961, 0.298647, 0.3348826, 0.2996594, 0.3283319];['WT_LOC', 'WT_LOC', 'WT_LOC', 'WT_LOC', 'WT_LOC'];0.3232961
t1198s2;PREF;WeakPass;442;[0.2877317, 0.3086838, 0.2698549, 0.2800001, 0.2742902];['WT_LOC', 'WT_LOC', 'WT_LOC', 'WT_LOC', 'WT_LOC'];0.2800001
t1198s3;PREF;WeakPass;393;[0.2169925, 0.2789357, 0.2776615, 0.2642007, 0.2566732];['WT_LOC', 'WT_LOC', 'WT_LOC', 'WT_LOC', 'WT_LOC'];0.2642007
t1506s1;PREF;WeakPass;442;[0.237276, 0.2195868, 0.2420539, 0.2348187, 0.2797701];['WT_LOC', 'WT_LOC', 'WT_LOC', 'WT_LOC', 'WT_LOC'];0.237276
t1506s2;PREF;WeakPass;443;[0.3648512, 0.3572725, 0.428102, 0.3963127, 0.3842158];['WT_LOC', 'WT_LOC', 'WT_LOC', 'WT_LOC', 'WT_LOC'];0.3842158
t1506s3;PREF;WeakPass;467;[0.3484232, 0.3720508, 0.409734, 0.3669887, 0.295402];['WT_LOC', 'WT_LOC', 'WT_LOC', 'WT_LOC', 'WT_LOC'];0.3669887
t1795s1;PREF;WeakPass;455;[0.3141683, 0.3284646, 0.3137346, 0.3038135, 0.3161915];['WT_LOC', 'WT_LOC', 'WT_LOC', 'WT_LOC', 'WT_LOC'];0.3141683
t1795s2;PREF;WeakPass;436;[0.2948508, 0.2412663, 0.2868049, 0.2659684, 0.2554208];['WT_LOC', 'WT_LOC', 'WT_LOC', 'WT_LOC', 'WT_LOC'];0.2659684
t1795s3;PREF;WeakPass;384;[0.2021223, 0.1989656, 0.2054798, 0.1985646, 0.2001569];['WT_LOC', 'WT_LOC', 'WT_LOC', 'WT_LOC', 'WT_LOC'];0.2001569
t2085s1;PREF;WeakPass;417;[0.2811524, 0.265978, 0.2669399, 0.271836, 0.2759948];['WT_LOC', 'WT_LOC', 'WT_LOC', 'WT_LOC', 'WT_LOC'];0.271836
t2085s2;PREF;WeakPass;357;[0.1742204, 0.1694326, 0.1749836, 0.1584929, 0.163087];['WT_LOC', 'WT_LOC', 'WT_LOC', 'WT_LOC', 'WT_LOC'];0.1694326
t2085s3;PREF;WeakPass;459;[0.3649125, 0.3417326, 0.2867574, 0.345529, 0.312343];['WT_LOC', 'WT_LOC', 'WT_LOC', 'WT_LOC', 'WT_LOC'];0.3417326
t2375s1;PREF;WeakPass;505;[0.4894846, 0.4924342, 0.4662763, 0.480274, 0.4558671];['WT_LOC', 'WT_LOC', 'WT_LOC', 'WT_LOC', 'WT_LOC'];0.480274
t2375s2;PREF;WeakPass;515;[0.476987, 0.4189984, 0.4578385, 0.4150343, 0.4219459];['WT_LOC', 'WT_LOC', 'WT_LOC', 'WT_LOC', 'WT_LOC'];0.4219459
t2375s3;PREF;WeakPass;435;[0.3049375, 0.3029623, 0.3019779, 0.3148512, 0.3322783];['WT_LOC', 'WT_LOC', 'WT_LOC', 'WT_LOC', 'WT_LOC'];0.3049375
t2664s1;PREF;WeakPass;509;[0.4814634, 0.4825558, 0.5312017, 0.5119922, 0.4911839];['WT_LOC', 'WT_LOC', 'WT_LOC', 'WT_LOC', 'WT_LOC'];0.4911839
t2664s2;PREF;WeakPass;434;[0.2607547, 0.3062071, 0.2591595, 0.2946489, 0.2604737];['WT_LOC', 'WT_LOC', 'WT_LOC', 'WT_LOC', 'WT_LOC'];0.2607547
t2664s3;PREF;WeakPass;466;[0.3442037, 0.3228169, 0.3604767, 0.3468196, 0.3774238];['WT_LOC', 'WT_LOC', 'WT_LOC', 'WT_LOC', 'WT_LOC'];0.3468196
t2956s1;PREF;WeakPass;402;[0.2363191, 0.2859934, 0.2262859, 0.2405997, 0.2368125];['WT_LOC', 'WT_LOC', 'WT_LOC', 'WT_LOC', 'WT_LOC'];0.2368125
t2956s2;PREF;WeakPass;439;[0.3374543, 0.2938901, 0.3268168, 0.311267, 0.3123743];['WT_LOC', 'WT_LOC', 'WT_LOC', 'WT_LOC', 'WT_LOC'];0.3123743
t2956s3;PREF;WeakPass;470;[0.3851161, 0.3820499, 0.378862, 0.4481359, 0.3492814];['WT_LOC', 'WT_LOC', 'WT_LOC', 'WT_LOC', 'WT_LOC'];0.3820499
t314s1;PREF;WeakPass;421;[0.2657532, 0.2987583, 0.2454835, 0.2407329, 0.2618323];['WT_LOC', 'WT_LOC', 'WT_LOC', 'WT_LOC', 'WT_LOC'];0.2618323
t314s2;PREF;WeakPass;384;[0.2349681, 0.2240808, 0.2356881, 0.2304748, 0.2520567];['WT_LOC', 'WT_LOC', 'WT_LOC', 'WT_LOC', 'WT_LOC'];0.2349681
t314s3;PREF;WeakPass;494;[0.4317462, 0.4213898, 0.4763351, 0.4567301, 0.4789152];['WT_LOC', 'WT_LOC', 'WT_LOC', 'WT_LOC', 'WT_LOC'];0.4567301
t3240s1;PREF;WeakPass;404;[0.2266048, 0.2688336, 0.2607008, 0.3172091, 0.2514363];['WT_LOC', 'WT_LOC', 'WT_LOC', 'WT_LOC', 'WT_LOC'];0.2607008
t3240s2;PREF;WeakPass;404;[0.2828321, 0.3042306, 0.2477693, 0.2410036, 0.2862438];['WT_LOC', 'WT_LOC', 'WT_LOC', 'WT_LOC', 'WT_LOC'];0.2828321
t3240s3;PREF;WeakPass;456;[0.4057871, 0.3708964, 0.3437521, 0.3506231, 0.3072317];['WT_LOC', 'WT_LOC', 'WT_LOC', 'WT_LOC', 'WT_LOC'];0.3506231
t3511s1;PREF;WeakPass;487;[0.4541811, 0.448094, 0.5103564, 0.4355294, 0.4282623];['WT_LOC', 'WT_LOC', 'WT_LOC', 'WT_LOC', 'WT_LOC'];0.448094
t3511s2;PREF;WeakPass;430;[0.2772934, 0.3245773, 0.2880172, 0.3257147, 0.2989308];['WT_LOC', 'WT_LOC', 'WT_LOC', 'WT_LOC', 'WT_LOC'];0.2989308
t3511s3;PREF;WeakPass;395;[0.2461722, 0.2218451, 0.2396742, 0.2245664, 0.2154616];['WT_LOC', 'WT_LOC', 'WT_LOC', 'WT_LOC', 'WT_LOC'];0.2245664
t3783s1;PREF;WeakPass;450;[0.3612692, 0.3978482, 0.3854234, 0.3796802, 0.4330534];['WT_LOC', 'WT_LOC', 'WT_LOC', 'WT_LOC', 'WT_LOC'];0.3854234
t3783s2;PREF;WeakPass;499;[0.3956618, 0.3710768, 0.424836, 0.3889129, 0.4124622];['WT_LOC', 'WT_LOC', 'WT_LOC', 'WT_LOC', 'WT_LOC'];0.3956618
t3783s3;PREF;WeakPass;437;[0.2983377, 0.261851, 0.2064943, 0.2289104, 0.2285773];['WT_LOC', 'WT_LOC', 'WT_LOC', 'WT_LOC', 'WT_LOC'];0.2289104
t4075s1;PREF;WeakPass;409;[0.2313273, 0.2354793, 0.2215738, 0.2532694, 0.2200906];['WT_LOC', 'WT_LOC', 'WT_LOC', 'WT_LOC', 'WT_LOC'];0.2313273
t4075s2;PREF;WeakPass;399;[0.2453069, 0.2165093, 0.2430299, 0.2436118, 0.2692566];['WT_LOC', 'WT_LOC', 'WT_LOC', 'WT_LOC', 'WT_LOC'];0.2436118
t4075s3;PREF;WeakPass;417;[0.0150727, 0.0146946, 0.0151163, 0.0143806, 0.0146077];['NO_LOC', 'NO_LOC', 'NO_LOC', 'NO_LOC', 'NO_LOC'];0.0146946
t4366s1;PREF;WeakPass;388;[0.2380646, 0.2105807, 0.2246788, 0.1997298, 0.2126424];['WT_LOC', 'WT_LOC', 'WT_LOC', 'WT_LOC', 'WT_LOC'];0.2126424
t4366s2;PREF;WeakPass;546;[0.5187689, 0.4716696, 0.4893029, 0.508008, 0.5034574];['WT_LOC', 'WT_LOC', 'WT_LOC', 'WT_LOC', 'WT_LOC'];0.5034574
t4366s3;PREF;WeakPass;463;[0.427414, 0.4269243, 0.4091796, 0.4572149, 0.4541604];['WT_LOC', 'WT_LOC', 'WT_LOC', 'WT_LOC', 'WT_LOC'];0.427414
t4648s1;PREF;WeakPass;471;[0.5098518, 0.4859838, 0.5173513, 0.5166078, 0.527888];['WT_LOC', 'WT_LOC', 'WT_LOC', 'WT_LOC', 'WT_LOC'];0.5166078
t4648s2;PREF;WeakPass;510;[0.5633413, 0.6306761, 0.860999, 0.9463117, 0.8255812];['WT_LOC', 'WT_LOC', 'WT_LOC', 'WT_LOC', 'WT_LOC'];0.8255812
t4648s3;PREF;WeakPass;514;[0.4807082, 0.4489292, 0.4371353, 0.5191241, 0.5089088];['WT_LOC', 'WT_LOC', 'WT_LOC', 'WT_LOC', 'WT_LOC'];0.4807082
t4924s1;PREF;WeakPass;390;[0.2850449, 0.2714231, 0.2559431, 0.2575769, 0.2507251];['WT_LOC', 'WT_LOC', 'WT_LOC', 'WT_LOC', 'WT_LOC'];0.2575769
t4924s2;PREF;WeakPass;474;[0.3828153, 0.3902756, 0.3872136, 0.3558299, 0.3373813];['WT_LOC', 'WT_LOC', 'WT_LOC', 'WT_LOC', 'WT_LOC'];0.3828153
t4924s3;PREF;WeakPass;501;[0.4197538, 0.4402861, 0.4252045, 0.4402561, 0.4251542];['WT_LOC', 'WT_LOC', 'WT_LOC', 'WT_LOC', 'WT_LOC'];0.4252045
t5196s1;PREF;WeakPass;455;[0.324585, 0.2917819, 0.3093774, 0.3558278, 0.3077075];['WT_LOC', 'WT_LOC', 'WT_LOC', 'WT_LOC', 'WT_LOC'];0.3093774
t5196s2;PREF;WeakPass;460;[0.4194637, 0.4005195, 0.422622, 0.4069041, 0.4338203];['WT_LOC', 'WT_LOC', 'WT_LOC', 'WT_LOC', 'WT_LOC'];0.4194637
t5196s3;PREF;WeakPass;501;[0.5366222, 0.503819, 0.4851392, 0.4917047, 0.5216254];['WT_LOC', 'WT_LOC', 'WT_LOC', 'WT_LOC', 'WT_LOC'];0.503819
t5475s1;PREF;WeakPass;527;[0.5113435, 0.5157908, 0.5537536, 0.5560178, 0.5433418];['WT_LOC', 'WT_LOC', 'WT_LOC', 'WT_LOC', 'WT_LOC'];0.5433418
t5475s2;PREF;WeakPass;557;[0.581547, 0.585485, 0.5682872, 0.5800885, 0.6031263];['WT_LOC', 'WT_LOC', 'WT_LOC', 'WT_LOC', 'WT_LOC'];0.581547
t5475s3;PREF;WeakPass;394;[0.1535906, 0.1587177, 0.1588852, 0.1726922, 0.1859564];['NO_LOC', 'NO_LOC', 'NO_LOC', 'NO_LOC', 'NO_LOC'];0.1588852
t5739s1;PREF;WeakPass;418;[0.3347058, 0.3266175, 0.2866696, 0.3221411, 0.3228523];['WT_LOC', 'WT_LOC', 'WT_LOC', 'WT_LOC', 'WT_LOC'];0.3228523
t5739s2;PREF;WeakPass;495;[0.5054511, 0.4453717, 0.4547289, 0.4826428, 0.4713862];['WT_LOC', 'WT_LOC', 'WT_LOC', 'WT_LOC', 'WT_LOC'];0.4713862
t5739s3;PREF;WeakPass;410;[0.3209317, 0.2978941, 0.3050144, 0.3283553, 0.3138307];['WT_LOC', 'WT_LOC', 'WT_LOC', 'WT_LOC', 'WT_LOC'];0.3138307
t5999s1;PREF;WeakPass;515;[0.5000278, 0.5372174, 0.4729825, 0.4893041, 0.4985059];['WT_LOC', 'WT_LOC', 'WT_LOC', 'WT_LOC', 'WT_LOC'];0.4985059
t5999s2;PREF;WeakPass;467;[0.2614093, 0.2681771, 0.287846, 0.2583993, 0.2968366];['WT_LOC', 'WT_LOC', 'WT_LOC', 'WT_LOC', 'WT_LOC'];0.2681771
t5999s3;PREF;WeakPass;495;[0.4870202, 0.4918109, 0.517139, 0.495128, 0.4912541];['WT_LOC', 'WT_LOC', 'WT_LOC', 'WT_LOC', 'WT_LOC'];0.4918109
t623s1;PREF;WeakPass;515;[0.5022772, 0.6426161, 0.5903831, 0.6470592, 0.6500171];['WT_LOC', 'WT_LOC', 'WT_LOC', 'WT_LOC', 'WT_LOC'];0.6426161
t623s2;PREF;WeakPass;492;[0.487062, 0.4845905, 0.4503635, 0.4242514, 0.4065262];['WT_LOC', 'WT_LOC', 'WT_LOC', 'WT_LOC', 'WT_LOC'];0.4503635
t623s3;PREF;WeakPass;423;[0.2454227, 0.2080518, 0.233368, 0.2262931, 0.2311855];['WT_LOC', 'WT_LOC', 'WT_LOC', 'WT_LOC', 'WT_LOC'];0.2311855
t6259s1;PREF;WeakPass;456;[0.3724645, 0.3554006, 0.352949, 0.3570548, 0.3632645];['WT_LOC', 'WT_LOC', 'WT_LOC', 'WT_LOC', 'WT_LOC'];0.3570548
t6259s2;PREF;WeakPass;454;[0.3272732, 0.3505664, 0.3729468, 0.3867186, 0.3843958];['WT_LOC', 'WT_LOC', 'WT_LOC', 'WT_LOC', 'WT_LOC'];0.3729468
t6259s3;PREF;WeakPass;420;[0.2658357, 0.2447165, 0.2965629, 0.2557978, 0.2465613];['WT_LOC', 'WT_LOC', 'WT_LOC', 'WT_LOC', 'WT_LOC'];0.2557978
t6518s1;PREF;WeakPass;513;[0.5140672, 0.5194006, 0.5282255, 0.488562, 0.544848];['WT_LOC', 'WT_LOC', 'WT_LOC', 'WT_LOC', 'WT_LOC'];0.5194006
t6518s2;PREF;WeakPass;492;[0.4768767, 0.4626843, 0.4705822, 0.4397781, 0.4577251];['WT_LOC', 'WT_LOC', 'WT_LOC', 'WT_LOC', 'WT_LOC'];0.4626843
t6518s3;PREF;WeakPass;433;[0.2823987, 0.2834723, 0.2917548, 0.2718881, 0.2899466];['WT_LOC', 'WT_LOC', 'WT_LOC', 'WT_LOC', 'WT_LOC'];0.2834723
t6779s1;PREF;WeakPass;425;[0.3170093, 0.294548, 0.3392568, 0.3099243, 0.3373836];['WT_LOC', 'WT_LOC', 'WT_LOC', 'WT_LOC', 'WT_LOC'];0.3170093
t6779s2;PREF;WeakPass;410;[0.2275216, 0.2411096, 0.2463696, 0.2200692, 0.2297499];['WT_LOC', 'WT_LOC', 'WT_LOC', 'WT_LOC', 'WT_LOC'];0.2297499
t6779s3;PREF;WeakPass;392;[0.2219612, 0.2128477, 0.2117178, 0.2060429, 0.232911];['WT_LOC', 'WT_LOC', 'WT_LOC', 'WT_LOC', 'WT_LOC'];0.2128477
t7036s1;PREF;WeakPass;407;[0.2921085, 0.3286081, 0.3566214, 0.2975254, 0.3152782];['WT_LOC', 'WT_LOC', 'WT_LOC', 'WT_LOC', 'WT_LOC'];0.3152782
t7036s2;PREF;WeakPass;383;[0.2364299, 0.2515445, 0.257858, 0.2434735, 0.2409835];['WT_LOC', 'WT_LOC', 'WT_LOC', 'WT_LOC', 'WT_LOC'];0.2434735
t7036s3;PREF;WeakPass;464;[0.2835065, 0.3099506, 0.2924309, 0.296489, 0.3139173];['WT_LOC', 'WT_LOC', 'WT_LOC', 'WT_LOC', 'WT_LOC'];0.296489
t7287s1;PREF;WeakPass;374;[0.1905661, 0.1934708, 0.1830267, 0.1721868, 0.2013236];['WT_LOC', 'WT_LOC', 'WT_LOC', 'WT_LOC', 'WT_LOC'];0.1905661
t7287s2;PREF;WeakPass;447;[0.3561542, 0.2850946, 0.3156548, 0.3014481, 0.2916735];['WT_LOC', 'WT_LOC', 'WT_LOC', 'WT_LOC', 'WT_LOC'];0.3014481
t7287s3;PREF;WeakPass;421;[0.2503038, 0.2125737, 0.2259118, 0.2185591, 0.2412083];['WT_LOC', 'WT_LOC', 'WT_LOC', 'WT_LOC', 'WT_LOC'];0.2259118
t7540s1;PREF;WeakPass;473;[0.427437, 0.4581763, 0.4592408, 0.4981619, 0.4355206];['WT_LOC', 'WT_LOC', 'WT_LOC', 'WT_LOC', 'WT_LOC'];0.4581763
t7540s2;PREF;WeakPass;419;[0.2909579, 0.3109003, 0.2893819, 0.3030155, 0.3477158];['WT_LOC', 'WT_LOC', 'WT_LOC', 'WT_LOC', 'WT_LOC'];0.3030155
t7540s3;PREF;WeakPass;482;[0.4887076, 0.5042883, 0.4656697, 0.499555, 0.4414227];['WT_LOC', 'WT_LOC', 'WT_LOC', 'WT_LOC', 'WT_LOC'];0.4887076
t7805s1;PREF;WeakPass;484;[0.4474358, 0.4921731, 0.4393407, 0.4689021, 0.4612237];['WT_LOC', 'WT_LOC', 'WT_LOC', 'WT_LOC', 'WT_LOC'];0.4612237
t7805s2;PREF;WeakPass;476;[0.5008614, 0.4916025, 0.4775762, 0.5212133, 0.4859152];['WT_LOC', 'WT_LOC', 'WT_LOC', 'WT_LOC', 'WT_LOC'];0.4916025
t7805s3;PREF;WeakPass;428;[0.3631206, 0.3500568, 0.3328367, 0.3058276, 0.2994334];['WT_LOC', 'WT_LOC', 'WT_LOC', 'WT_LOC', 'WT_LOC'];0.3328367
t8067s1;PREF;WeakPass;412;[0.2438698, 0.2629254, 0.278425, 0.2828319, 0.2898617];['WT_LOC', 'WT_LOC', 'WT_LOC', 'WT_LOC', 'WT_LOC'];0.278425
t8067s2;PREF;WeakPass;400;[0.1975645, 0.2253547, 0.1944461, 0.2113789, 0.1976428];['WT_LOC', 'WT_LOC', 'WT_LOC', 'WT_LOC', 'WT_LOC'];0.1976428
t8067s3;PREF;WeakPass;454;[0.2961267, 0.2682574, 0.2374092, 0.2897648, 0.234476];['WT_LOC', 'WT_LOC', 'WT_LOC', 'WT_LOC', 'WT_LOC'];0.2682574
t8313s1;PREF;WeakPass;379;[0.2326557, 0.2218254, 0.249804, 0.2313123, 0.22917];['WT_LOC', 'WT_LOC', 'WT_LOC', 'WT_LOC', 'WT_LOC'];0.2313123
t8313s2;PREF;WeakPass;512;[0.4900994, 0.5001221, 0.5148918, 0.5095546, 0.5037739];['WT_LOC', 'WT_LOC', 'WT_LOC', 'WT_LOC', 'WT_LOC'];0.5037739
t8313s3;PREF;WeakPass;479;[0.4754531, 0.4948095, 0.4398075, 0.5156031, 0.5171987];['WT_LOC', 'WT_LOC', 'WT_LOC', 'WT_LOC', 'WT_LOC'];0.4948095
t8572s1;PREF;WeakPass;558;[0.6688538, 0.677229, 0.8026301, 0.6243696, 0.6225739];['WT_LOC', 'WT_LOC', 'WT_LOC', 'WT_LOC', 'WT_LOC'];0.6688538
t8572s2;PREF;WeakPass;495;[0.4165704, 0.4524715, 0.566541, 0.4765, 0.5101482];['WT_LOC', 'WT_LOC', 'WT_LOC', 'WT_LOC', 'WT_LOC'];0.4765
t8572s3;PREF;WeakPass;426;[0.3609039, 0.3863296, 0.3837737, 0.3730287, 0.4205587];['WT_LOC', 'WT_LOC', 'WT_LOC', 'WT_LOC', 'WT_LOC'];0.3837737
t8804s1;PREF;WeakPass;387;[0.2451728, 0.268712, 0.2491906, 0.2636375, 0.224441];['WT_LOC', 'WT_LOC', 'WT_LOC', 'WT_LOC', 'WT_LOC'];0.2491906
t8804s2;PREF;WeakPass;443;[0.4297441, 0.5164533, 0.3989022, 0.4170493, 0.4159279];['WT_LOC', 'WT_LOC', 'WT_LOC', 'WT_LOC', 'WT_LOC'];0.4170493
t8804s3;PREF;WeakPass;447;[0.286821, 0.3373203, 0.3218894, 0.3619563, 0.4095357];['WT_LOC', 'WT_LOC', 'WT_LOC', 'WT_LOC', 'WT_LOC'];0.3373203
t9041s1;PREF;WeakPass;429;[0.4255247, 0.3983858, 0.4289247, 0.4388394, 0.4442988];['WT_LOC', 'WT_LOC', 'WT_LOC', 'WT_LOC', 'WT_LOC'];0.4289247
t9041s2;PREF;WeakPass;406;[0.2476303, 0.2244354, 0.2222901, 0.2321286, 0.2248336];['WT_LOC', 'WT_LOC', 'WT_LOC', 'WT_LOC', 'WT_LOC'];0.2248336
t9041s3;PREF;WeakPass;518;[0.4598349, 0.5580313, 0.4548189, 0.4739441, 0.496768];['WT_LOC', 'WT_LOC', 'WT_LOC', 'WT_LOC', 'WT_LOC'];0.4739441
t916s1;PREF;WeakPass;424;[0.234487, 0.237529, 0.2443026, 0.2593792, 0.2377934];['WT_LOC', 'WT_LOC', 'WT_LOC', 'WT_LOC', 'WT_LOC'];0.2377934
t916s2;PREF;WeakPass;457;[0.4194347, 0.4398108, 0.4602409, 0.511228, 0.4882374];['WT_LOC', 'WT_LOC', 'WT_LOC', 'WT_LOC', 'WT_LOC'];0.4602409
t916s3;PREF;WeakPass;404;[0.3079035, 0.2595876, 0.2739114, 0.2619069, 0.3175308];['WT_LOC', 'WT_LOC', 'WT_LOC', 'WT_LOC', 'WT_LOC'];0.2739114
t9282s1;PREF;WeakPass;427;[0.2861187, 0.2690993, 0.2349962, 0.2355416, 0.2575481];['WT_LOC', 'WT_LOC', 'WT_LOC', 'WT_LOC', 'WT_LOC'];0.2575481
t9282s2;PREF;WeakPass;401;[0.2493702, 0.2422204, 0.2268718, 0.2250784, 0.2303672];['WT_LOC', 'WT_LOC', 'WT_LOC', 'WT_LOC', 'WT_LOC'];0.2303672
t9282s3;PREF;WeakPass;461;[0.3580404, 0.3517403, 0.360973, 0.3681079, 0.3525403];['WT_LOC', 'WT_LOC', 'WT_LOC', 'WT_LOC', 'WT_LOC'];0.3580404
t9536s1;PREF;WeakPass;422;[0.2876479, 0.2769765, 0.2485225, 0.2582654, 0.2550512];['WT_LOC', 'WT_LOC', 'WT_LOC', 'WT_LOC', 'WT_LOC'];0.2582654
t9536s2;PREF;WeakPass;413;[0.2979203, 0.2543385, 0.2429602, 0.2949129, 0.2505198];['WT_LOC', 'WT_LOC', 'WT_LOC', 'WT_LOC', 'WT_LOC'];0.2543385
t9536s3;PREF;WeakPass;454;[0.3493398, 0.3579818, 0.3699857, 0.3848171, 0.3623223];['WT_LOC', 'WT_LOC', 'WT_LOC', 'WT_LOC', 'WT_LOC'];0.3623223
t9786s1;PREF;WeakPass;424;[0.236075, 0.2562268, 0.273499, 0.3143797, 0.2452609];['WT_LOC', 'WT_LOC', 'WT_LOC', 'WT_LOC', 'WT_LOC'];0.2562268
t9786s2;PREF;WeakPass;430;[0.2551826, 0.2576158, 0.2887176, 0.2401236, 0.2385246];['WT_LOC', 'WT_LOC', 'WT_LOC', 'WT_LOC', 'WT_LOC'];0.2551826
t9786s3;PREF;WeakPass;413;[0.2887363, 0.2450559, 0.2548581, 0.2851469, 0.2623891];['WT_LOC', 'WT_LOC', 'WT_LOC', 'WT_LOC', 'WT_LOC'];0.2623891
t10028s1_noise;NOIS;Fail;420;[0.003296, 0.0030397, 0.0031601, 0.0030417, 0.0033253];['WT_LOC', 'WT_LOC', 'WT_LOC', 'WT_LOC', 'WT_LOC'];0.0031601
t10028s2_noise;NOIS;Fail;404;[0.000666, 0.0005938, 0.0006054, 0.0005947, 0.0008511];['WT_LOC', 'WT_LOC', 'WT_LOC', 'WT_LOC', 'WT_LOC'];0.0006054
t10028s3_noise;NOIS;Fail;493;[0.0039423, 0.0036806, 0.0037679, 0.0036631, 0.0036811];['WT_LOC', 'WT_LOC', 'WT_LOC', 'WT_LOC', 'WT_LOC'];0.0036811
t10152s1_noise;NOIS;Fail;250;[0.0016817, 0.0015395, 0.0016824, 0.0018239, 0.0020544];['WT_LOC', 'WT_LOC', 'WT_LOC', 'WT_LOC', 'WT_LOC'];0.0016824
t10152s2_noise;NOIS;Fail;256;[0.0017557, 0.0017281, 0.0017311, 0.0017916, 0.0019031];['WT_LOC', 'WT_LOC', 'WT_LOC', 'WT_LOC', 'WT_LOC'];0.0017557
t10152s3_noise;NOIS;Fail;303;[0.000451, 0.0004065, 0.0004068, 0.0004274, 0.0003741];['WT_LOC', 'WT_LOC', 'WT_LOC', 'WT_LOC', 'WT_LOC'];0.0004068
t1198s1_noise;NOIS;Fail;444;[0.0028049, 0.0028083, 0.0029292, 0.0029188, 0.0029339];['WT_LOC', 'WT_LOC', 'WT_LOC', 'WT_LOC', 'WT_LOC'];0.0029188
t1198s2_noise;NOIS;Fail;443;[0.0044509, 0.0041944, 0.0042336, 0.0043095, 0.0040472];['WT_LOC', 'WT_LOC', 'WT_LOC', 'WT_LOC', 'WT_LOC'];0.0042336
t1198s3_noise;NOIS;Fail;394;[0.0036437, 0.0041439, 0.0035333, 0.0035413, 0.0034795];['WT_LOC', 'WT_LOC', 'WT_LOC', 'WT_LOC', 'WT_LOC'];0.0035413
t1506s1_noise;NOIS;Fail;443;[0.0035253, 0.0035882, 0.0033092, 0.0033683, 0.0033507];['WT_LOC', 'WT_LOC', 'WT_LOC', 'WT_LOC', 'WT_LOC'];0.0033683
t1506s2_noise;NOIS;Fail;444;[0.0045401, 0.0037229, 0.0037426, 0.0038071, 0.0040232];['WT_LOC', 'WT_LOC', 'WT_LOC', 'WT_LOC', 'WT_LOC'];0.0038071
t1506s3_noise;NOIS;Fail;468;[0.0031343, 0.0029743, 0.0029022, 0.0031858, 0.003076];['WT_LOC', 'WT_LOC', 'WT_LOC', 'WT_LOC', 'WT_LOC'];0.003076
t1795s1_noise;NOIS;Fail;456;[0.0040105, 0.0045471, 0.0043147, 0.0049862, 0.0053143];['WT_LOC', 'WT_LOC', 'WT_LOC', 'WT_LOC', 'WT_LOC'];0.0045471
t1795s2_noise;NOIS;Fail;437;[0.0008659, 0.0006105, 0.0006635, 0.0006765, 0.0015625];['WT_LOC', 'WT_LOC', 'WT_LOC', 'WT_LOC', 'WT_LOC'];0.0006765
t1795s3_noise;NOIS;Fail;385;[0.0026006, 0.0026837, 0.0025592, 0.0030355, 0.0027907];['WT_LOC', 'WT_LOC', 'WT_LOC', 'WT_LOC', 'WT_LOC'];0.0026837
t2085s1_noise;NOIS;Fail;418;[0.0039209, 0.0037426, 0.0040025, 0.004287, 0.0040069];['WT_LOC', 'WT_LOC', 'WT_LOC', 'WT_LOC', 'WT_LOC'];0.0040025
t2085s2_noise;NOIS;Fail;358;[0.0008652, 0.0007483, 0.0006595, 0.0007054, 0.0007492];['WT_LOC', 'WT_LOC', 'WT_LOC', 'WT_LOC', 'WT_LOC'];0.0007483
t2085s3_noise;NOIS;Fail;460;[0.0007031, 0.0006913, 0.0007095, 0.0007231, 0.0006735];['WT_LOC', 'WT_LOC', 'WT_LOC', 'WT_LOC', 'WT_LOC'];0.0007031
t2375s1_noise;NOIS;Fail;506;[0.003641, 0.0035998, 0.0041336, 0.0044108, 0.0034552];['WT_LOC', 'WT_LOC', 'WT_LOC', 'WT_LOC', 'WT_LOC'];0.003641
t2375s2_noise;NOIS;Fail;516;[0.0005738, 0.0005861, 0.000583, 0.0005966, 0.0005784];['WT_LOC', 'WT_LOC', 'WT_LOC', 'WT_LOC', 'WT_LOC'];0.000583
t2375s3_noise;NOIS;Fail;436;[0.0005276, 0.0005507, 0.0005426, 0.0008231, 0.000561];['WT_LOC', 'WT_LOC', 'WT_LOC', 'WT_LOC', 'WT_LOC'];0.0005507
t2664s1_noise;NOIS;Fail;510;[0.0060528, 0.0054307, 0.0094415, 0.005105, 0.0050644];['WT_LOC', 'WT_LOC', 'WT_LOC', 'WT_LOC', 'WT_LOC'];0.0054307
t2664s2_noise;NOIS;Fail;435;[0.0040938, 0.004059, 0.0041367, 0.0039723, 0.0042743];['WT_LOC', 'WT_LOC', 'WT_LOC', 'WT_LOC', 'WT_LOC'];0.0040938
t2664s3_noise;NOIS;Fail;467;[0.0043952, 0.0070679, 0.0040368, 0.0039747, 0.0042098];['WT_LOC', 'WT_LOC', 'WT_LOC', 'WT_LOC', 'WT_LOC'];0.0042098
t2956s1_noise;NOIS;Fail;403;[0.0028749, 0.0033651, 0.0030787, 0.0034306, 0.0030474];['WT_LOC', 'WT_LOC', 'WT_LOC', 'WT_LOC', 'WT_LOC'];0.0030787
t2956s2_noise;NOIS;Fail;440;[0.0031409, 0.0037999, 0.0032505, 0.0036283, 0.0031435];['WT_LOC', 'WT_LOC', 'WT_LOC', 'WT_LOC', 'WT_LOC'];0.0032505
t2956s3_noise;NOIS;Fail;471;[0.0052627, 0.0054998, 0.004732, 0.0073136, 0.0042472];['WT_LOC', 'WT_LOC', 'WT_LOC', 'WT_LOC', 'WT_LOC'];0.0052627
t314s1_noise;NOIS;Fail;422;[0.0042496, 0.0043781, 0.0045961, 0.0042154, 0.0046258];['WT_LOC', 'WT_LOC', 'WT_LOC', 'WT_LOC', 'WT_LOC'];0.0043781
t314s2_noise;NOIS;Fail;385;[0.0032287, 0.006049, 0.0036925, 0.0047402, 0.0034119];['WT_LOC', 'WT_LOC', 'WT_LOC', 'WT_LOC', 'WT_LOC'];0.0036925
t314s3_noise;NOIS;Fail;495;[0.0072888, 0.0097832, 0.0079385, 0.0101571, 0.0055082];['WT_LOC', 'WT_LOC', 'WT_LOC', 'WT_LOC', 'WT_LOC'];0.0079385
t3240s1_noise;NOIS;Fail;405;[0.0041675, 0.0043046, 0.0048767, 0.004467, 0.0044502];['WT_LOC', 'WT_LOC', 'WT_LOC', 'WT_LOC', 'WT_LOC'];0.0044502
t3240s2_noise;NOIS;Fail;405;[0.0027598, 0.0033443, 0.002772, 0.0028694, 0.0027477];['WT_LOC', 'WT_LOC', 'WT_LOC', 'WT_LOC', 'WT_LOC'];0.002772
t3240s3_noise;NOIS;Fail;457;[0.0042213, 0.0041297, 0.0050386, 0.0042281, 0.0042813];['WT_LOC', 'WT_LOC', 'WT_LOC', 'WT_LOC', 'WT_LOC'];0.0042281
t3511s1_noise;NOIS;Fail;488;[0.0057427, 0.0060914, 0.0057563, 0.0054762, 0.0052778];['WT_LOC', 'WT_LOC', 'WT_LOC', 'WT_LOC', 'WT_LOC'];0.0057427
t3511s2_noise;NOIS;Fail;431;[0.0034468, 0.0060627, 0.0034047, 0.0067982, 0.003411];['WT_LOC', 'WT_LOC', 'WT_LOC', 'WT_LOC', 'WT_LOC'];0.0034468
t3511s3_noise;NOIS;Fail;396;[0.0054896, 0.0054188, 0.0028999, 0.0031372, 0.0028387];['WT_LOC', 'WT_LOC', 'WT_LOC', 'WT_LOC', 'WT_LOC'];0.0031372
t3783s1_noise;NOIS;Fail;451;[0.0040071, 0.0039925, 0.0047084, 0.0063661, 0.0039817];['WT_LOC', 'WT_LOC', 'WT_LOC', 'WT_LOC', 'WT_LOC'];0.0040071
t3783s2_noise;NOIS;Fail;500;[0.0050025, 0.005138, 0.0049051, 0.005069, 0.0103306];['WT_LOC', 'WT_LOC', 'WT_LOC', 'WT_LOC', 'WT_LOC'];0.005069
t3783s3_noise;NOIS;Fail;438;[0.003708, 0.0035718, 0.0035827, 0.003859, 0.0037009];['WT_LOC', 'WT_LOC', 'WT_LOC', 'WT_LOC', 'WT_LOC'];0.0037009
t4075s1_noise;NOIS;Fail;410;[0.0008231, 0.0006775, 0.0006431, 0.0006399, 0.0007189];['WT_LOC', 'WT_LOC', 'WT_LOC', 'WT_LOC', 'WT_LOC'];0.0006775
t4075s2_noise;NOIS;Fail;400;[0.0037131, 0.0037269, 0.0036987, 0.0038649, 0.0058422];['WT_LOC', 'WT_LOC', 'WT_LOC', 'WT_LOC', 'WT_LOC'];0.0037269
t4075s3_noise;NOIS;Fail;418;[0.0080423, 0.0078369, 0.0076796, 0.0050206, 0.0053188];['WT_LOC', 'WT_LOC', 'WT_LOC', 'WT_LOC', 'WT_LOC'];0.0076796
t4366s1_noise;NOIS;Fail;389;[0.0082661, 0.0042553, 0.0046017, 0.0048636, 0.0058384];['WT_LOC', 'WT_LOC', 'WT_LOC', 'WT_LOC', 'WT_LOC'];0.0048636
t4366s2_noise;NOIS;Fail;547;[0.0064859, 0.005223, 0.0047252, 0.0082739, 0.0040716];['WT_LOC', 'WT_LOC', 'WT_LOC', 'WT_LOC', 'WT_LOC'];0.005223
t4366s3_noise;NOIS;Fail;464;[0.0058128, 0.0060648, 0.005602, 0.0059204, 0.0071492];['WT_LOC', 'WT_LOC', 'WT_LOC', 'WT_LOC', 'WT_LOC'];0.0059204
t4648s1_noise;NOIS;Fail;472;[0.0006772, 0.0005312, 0.0005017, 0.0004513, 0.0004688];['WT_LOC', 'WT_LOC', 'WT_LOC', 'WT_LOC', 'WT_LOC'];0.0005017
t4648s2_noise;NOIS;Fail;511;[0.0007481, 0.0007165, 0.000705, 0.0007543, 0.0006975];['WT_LOC', 'WT_LOC', 'WT_LOC', 'WT_LOC', 'WT_LOC'];0.0007165
t4648s3_noise;NOIS;Fail;515;[0.0059941, 0.0079038, 0.0061148, 0.0056117, 0.0056725];['WT_LOC', 'WT_LOC', 'WT_LOC', 'WT_LOC', 'WT_LOC'];0.0059941
t4924s1_noise;NOIS;Fail;391;[0.0036268, 0.0042314, 0.0059859, 0.0029939, 0.003255];['WT_LOC', 'WT_LOC', 'WT_LOC', 'WT_LOC', 'WT_LOC'];0.0036268
t4924s2_noise;NOIS;Fail;475;[0.0043323, 0.0034685, 0.007552, 0.0058861, 0.0043063];['WT_LOC', 'WT_LOC', 'WT_LOC', 'WT_LOC', 'WT_LOC'];0.0043323
t4924s3_noise;NOIS;Fail;502;[0.0017017, 0.0015807, 0.0007111, 0.0013509, 0.0014446];['WT_LOC', 'WT_LOC', 'WT_LOC', 'WT_LOC', 'WT_LOC'];0.0014446
t5196s1_noise;NOIS;Fail;456;[0.00759, 0.0075585, 0.0079433, 0.0067578, 0.0088226];['WT_LOC', 'WT_LOC', 'WT_LOC', 'WT_LOC', 'WT_LOC'];0.00759
t5196s2_noise;NOIS;Fail;461;[0.0113621, 0.0099022, 0.005816, 0.0097921, 0.0093275];['WT_LOC', 'WT_LOC', 'WT_LOC', 'WT_LOC', 'WT_LOC'];0.0097921
t5196s3_noise;NOIS;Fail;502;[0.0075545, 0.0117831, 0.0106444, 0.0068669, 0.0068988];['WT_LOC', 'WT_LOC', 'WT_LOC', 'WT_LOC', 'WT_LOC'];0.0075545
t5475s1_noise;NOIS;Fail;528;[0.0108078, 0.0052101, 0.0053111, 0.0047804, 0.0049774];['WT_LOC', 'WT_LOC', 'WT_LOC', 'WT_LOC', 'WT_LOC'];0.0052101
t5475s2_noise;NOIS;Fail;558;[0.007627, 0.0069944, 0.0062956, 0.007863, 0.0069973];['WT_LOC', 'WT_LOC', 'WT_LOC', 'WT_LOC', 'WT_LOC'];0.0069973
t5475s3_noise;NOIS;Fail;395;[0.0066281, 0.005807, 0.0083623, 0.0089018, 0.0083602];['WT_LOC', 'WT_LOC', 'WT_LOC', 'WT_LOC', 'WT_LOC'];0.0083602
t5739s1_noise;NOIS;Fail;419;[0.0038041, 0.0064723, 0.0047426, 0.0051805, 0.0034968];['WT_LOC', 'WT_LOC', 'WT_LOC', 'WT_LOC', 'WT_LOC'];0.0047426
t5739s2_noise;NOIS;Fail;496;[0.0108773, 0.0060301, 0.0052026, 0.0053107, 0.0090835];['WT_LOC', 'WT_LOC', 'WT_LOC', 'WT_LOC', 'WT_LOC'];0.0060301
t5739s3_noise;NOIS;Fail;411;[0.0008589, 0.0006322, 0.0005976, 0.0014089, 0.0006315];['WT_LOC', 'WT_LOC', 'WT_LOC', 'WT_LOC', 'WT_LOC'];0.0006322
t5999s1_noise;NOIS;Fail;516;[0.0010431, 0.0007289, 0.0007977, 0.0007779, 0.0017564];['WT_LOC', 'WT_LOC', 'WT_LOC', 'WT_LOC', 'WT_LOC'];0.0007977
t5999s2_noise;NOIS;WeakPass;468;[0.4431443, 0.3644699, 0.38783, 0.3170215, 0.3079945];['WT_LOC', 'WT_LOC', 'WT_LOC', 'WT_LOC', 'WT_LOC'];0.3644699
t5999s3_noise;NOIS;Fail;496;[0.007139, 0.0043443, 0.0045846, 0.0074088, 0.006273];['WT_LOC', 'WT_LOC', 'WT_LOC', 'WT_LOC', 'WT_LOC'];0.006273
t623s1_noise;NOIS;Fail;516;[0.0068417, 0.0042631, 0.0043057, 0.0042918, 0.004372];['WT_LOC', 'WT_LOC', 'WT_LOC', 'WT_LOC', 'WT_LOC'];0.0043057
t623s2_noise;NOIS;Fail;493;[0.0008405, 0.0006823, 0.0008438, 0.0007971, 0.0007776];['WT_LOC', 'WT_LOC', 'WT_LOC', 'WT_LOC', 'WT_LOC'];0.0007971
t623s3_noise;NOIS;Fail;424;[0.0029182, 0.0038044, 0.0030029, 0.0030082, 0.0029006];['WT_LOC', 'WT_LOC', 'WT_LOC', 'WT_LOC', 'WT_LOC'];0.0030029
t6259s1_noise;NOIS;Fail;457;[0.0041179, 0.00931, 0.0029442, 0.0061326, 0.0055474];['WT_LOC', 'WT_LOC', 'WT_LOC', 'WT_LOC', 'WT_LOC'];0.0055474
t6259s2_noise;NOIS;Fail;455;[0.0044975, 0.0048166, 0.0051122, 0.0056105, 0.0080722];['WT_LOC', 'WT_LOC', 'WT_LOC', 'WT_LOC', 'WT_LOC'];0.0051122
t6259s3_noise;NOIS;Fail;421;[0.0051634, 0.0044717, 0.0044571, 0.0044647, 0.004271];['WT_LOC', 'WT_LOC', 'WT_LOC', 'WT_LOC', 'WT_LOC'];0.0044647
t6518s1_noise;NOIS;Fail;514;[0.0054705, 0.0053309, 0.0057309, 0.0059265, 0.0058429];['WT_LOC', 'WT_LOC', 'WT_LOC', 'WT_LOC', 'WT_LOC'];0.0057309
t6518s2_noise;NOIS;TIMEOUT;None;[];[];None
t6518s3_noise;NOIS;WeakPass;434;[0.3143345, 0.296208, 0.2668017, 0.2690459, 0.2815477];['WT_LOC', 'WT_LOC', 'WT_LOC', 'WT_LOC', 'WT_LOC'];0.2815477
t6779s1_noise;NOIS;Fail;426;[0.0005346, 0.0005645, 0.0005292, 0.0005353, 0.0005463];['WT_LOC', 'WT_LOC', 'WT_LOC', 'WT_LOC', 'WT_LOC'];0.0005353
t6779s2_noise;NOIS;Fail;411;[0.0035287, 0.0038203, 0.0032902, 0.0037483, 0.0032991];['WT_LOC', 'WT_LOC', 'WT_LOC', 'WT_LOC', 'WT_LOC'];0.0035287
t6779s3_noise;NOIS;Fail;393;[0.003932, 0.0040767, 0.0041001, 0.0040151, 0.003789];['WT_LOC', 'WT_LOC', 'WT_LOC', 'WT_LOC', 'WT_LOC'];0.0040151
t7036s1_noise;NOIS;Fail;408;[0.0046124, 0.0037978, 0.0042297, 0.0040116, 0.0045194];['WT_LOC', 'WT_LOC', 'WT_LOC', 'WT_LOC', 'WT_LOC'];0.0042297
t7036s2_noise;NOIS;Fail;384;[0.0025846, 0.0025565, 0.0025405, 0.0025196, 0.0040217];['WT_LOC', 'WT_LOC', 'WT_LOC', 'WT_LOC', 'WT_LOC'];0.0025565
t7036s3_noise;NOIS;Fail;465;[0.0031244, 0.0030733, 0.0029327, 0.0032337, 0.0029766];['WT_LOC', 'WT_LOC', 'WT_LOC', 'WT_LOC', 'WT_LOC'];0.0030733
t7287s1_noise;NOIS;Fail;375;[0.0025171, 0.0025636, 0.0026402, 0.0025384, 0.0025138];['WT_LOC', 'WT_LOC', 'WT_LOC', 'WT_LOC', 'WT_LOC'];0.0025384
t7287s2_noise;NOIS;Fail;448;[0.0032585, 0.0032811, 0.0031695, 0.0031443, 0.0030737];['WT_LOC', 'WT_LOC', 'WT_LOC', 'WT_LOC', 'WT_LOC'];0.0031695
t7287s3_noise;NOIS;Fail;422;[0.0038847, 0.0038828, 0.0040462, 0.004199, 0.0041482];['WT_LOC', 'WT_LOC', 'WT_LOC', 'WT_LOC', 'WT_LOC'];0.0040462
t7540s1_noise;NOIS;Fail;474;[0.0055617, 0.0049891, 0.0056059, 0.004983, 0.0049843];['WT_LOC', 'WT_LOC', 'WT_LOC', 'WT_LOC', 'WT_LOC'];0.0049891
t7540s2_noise;NOIS;Fail;420;[0.0052904, 0.0047841, 0.0045374, 0.0040776, 0.0040272];['WT_LOC', 'WT_LOC', 'WT_LOC', 'WT_LOC', 'WT_LOC'];0.0045374
t7540s3_noise;NOIS;Fail;483;[0.0035633, 0.0038771, 0.0035316, 0.0035953, 0.0038125];['WT_LOC', 'WT_LOC', 'WT_LOC', 'WT_LOC', 'WT_LOC'];0.0035953
t7805s1_noise;NOIS;Fail;485;[0.0049893, 0.0050685, 0.004951, 0.0050634, 0.0056601];['WT_LOC', 'WT_LOC', 'WT_LOC', 'WT_LOC', 'WT_LOC'];0.0050634
t7805s2_noise;NOIS;Fail;477;[0.0037902, 0.0075034, 0.0040701, 0.00402, 0.0037899];['WT_LOC', 'WT_LOC', 'WT_LOC', 'WT_LOC', 'WT_LOC'];0.00402
t7805s3_noise;NOIS;WeakPass;429;[0.330254, 0.2933974, 0.3281127, 0.3162152, 0.3216738];['WT_LOC', 'WT_LOC', 'WT_LOC', 'WT_LOC', 'WT_LOC'];0.3216738
t8067s1_noise;NOIS;Fail;413;[0.0004923, 0.0004432, 0.0004787, 0.0005223, 0.0007361];['WT_LOC', 'WT_LOC', 'WT_LOC', 'WT_LOC', 'WT_LOC'];0.0004923
t8067s2_noise;NOIS;Fail;401;[0.0058451, 0.0061089, 0.0034267, 0.0034549, 0.0034385];['WT_LOC', 'WT_LOC', 'WT_LOC', 'WT_LOC', 'WT_LOC'];0.0034549
t8067s3_noise;NOIS;Fail;455;[0.0007936, 0.0007524, 0.0007297, 0.0008224, 0.0007598];['WT_LOC', 'WT_LOC', 'WT_LOC', 'WT_LOC', 'WT_LOC'];0.0007598
t8313s1_noise;NOIS;Fail;380;[0.0034745, 0.0037895, 0.0040767, 0.0037564, 0.0038345];['WT_LOC', 'WT_LOC', 'WT_LOC', 'WT_LOC', 'WT_LOC'];0.0037895
t8313s2_noise;NOIS;Fail;513;[0.0042195, 0.0041779, 0.0047422, 0.0042735, 0.0041532];['WT_LOC', 'WT_LOC', 'WT_LOC', 'WT_LOC', 'WT_LOC'];0.0042195
t8313s3_noise;NOIS;Fail;480;[0.0040788, 0.0043088, 0.0041723, 0.0076464, 0.0040291];['WT_LOC', 'WT_LOC', 'WT_LOC', 'WT_LOC', 'WT_LOC'];0.0041723
t8572s1_noise;NOIS;WeakPass;559;[0.6994191, 0.728095, 0.7959242, 0.628749, 0.743443];['WT_LOC', 'WT_LOC', 'WT_LOC', 'WT_LOC', 'WT_LOC'];0.728095
t8572s2_noise;NOIS;Fail;496;[0.0008277, 0.0007403, 0.0008384, 0.0008543, 0.0006634];['WT_LOC', 'WT_LOC', 'WT_LOC', 'WT_LOC', 'WT_LOC'];0.0008277
t8572s3_noise;NOIS;Fail;427;[0.004436, 0.0040351, 0.0042584, 0.004058, 0.0040718];['WT_LOC', 'WT_LOC', 'WT_LOC', 'WT_LOC', 'WT_LOC'];0.0040718
t8804s1_noise;NOIS;Fail;388;[0.0041832, 0.0036909, 0.0036537, 0.0038021, 0.0038087];['WT_LOC', 'WT_LOC', 'WT_LOC', 'WT_LOC', 'WT_LOC'];0.0038021
t8804s2_noise;NOIS;Fail;444;[0.0040897, 0.00462, 0.003914, 0.0040998, 0.0052387];['WT_LOC', 'WT_LOC', 'WT_LOC', 'WT_LOC', 'WT_LOC'];0.0040998
t8804s3_noise;NOIS;Fail;448;[0.0048708, 0.0047479, 0.0047342, 0.0043313, 0.0044583];['WT_LOC', 'WT_LOC', 'WT_LOC', 'WT_LOC', 'WT_LOC'];0.0047342
t9041s1_noise;NOIS;Fail;430;[0.0006032, 0.0006285, 0.000655, 0.0006896, 0.000666];['WT_LOC', 'WT_LOC', 'WT_LOC', 'WT_LOC', 'WT_LOC'];0.000655
t9041s2_noise;NOIS;Fail;407;[0.0028813, 0.0026813, 0.002676, 0.0026857, 0.0025707];['WT_LOC', 'WT_LOC', 'WT_LOC', 'WT_LOC', 'WT_LOC'];0.0026813
t9041s3_noise;NOIS;Fail;519;[0.0054003, 0.0053255, 0.0049766, 0.0051848, 0.0050708];['WT_LOC', 'WT_LOC', 'WT_LOC', 'WT_LOC', 'WT_LOC'];0.0051848
t916s1_noise;NOIS;Fail;425;[0.0042302, 0.0080903, 0.0040596, 0.0044864, 0.0038216];['WT_LOC', 'WT_LOC', 'WT_LOC', 'WT_LOC', 'WT_LOC'];0.0042302
t916s2_noise;NOIS;Fail;458;[0.0004902, 0.0005555, 0.000477, 0.0005306, 0.000566];['WT_LOC', 'WT_LOC', 'WT_LOC', 'WT_LOC', 'WT_LOC'];0.0005306
t916s3_noise;NOIS;Fail;405;[0.0029553, 0.0029196, 0.0029502, 0.0028688, 0.0051917];['WT_LOC', 'WT_LOC', 'WT_LOC', 'WT_LOC', 'WT_LOC'];0.0029502
t9282s1_noise;NOIS;Fail;428;[0.0025797, 0.0027152, 0.0032137, 0.0028287, 0.003229];['WT_LOC', 'WT_LOC', 'WT_LOC', 'WT_LOC', 'WT_LOC'];0.0028287
t9282s2_noise;NOIS;Fail;402;[0.0037247, 0.0028737, 0.0027633, 0.003548, 0.0027598];['WT_LOC', 'WT_LOC', 'WT_LOC', 'WT_LOC', 'WT_LOC'];0.0028737
t9282s3_noise;NOIS;Fail;462;[0.0006122, 0.0005921, 0.0005672, 0.0006031, 0.0006109];['WT_LOC', 'WT_LOC', 'WT_LOC', 'WT_LOC', 'WT_LOC'];0.0006031
t9536s1_noise;NOIS;Fail;423;[0.0028815, 0.0029218, 0.0029791, 0.003178, 0.0032898];['WT_LOC', 'WT_LOC', 'WT_LOC', 'WT_LOC', 'WT_LOC'];0.0029791
t9536s2_noise;NOIS;Fail;414;[0.0042906, 0.004573, 0.0041324, 0.0037667, 0.0038554];['WT_LOC', 'WT_LOC', 'WT_LOC', 'WT_LOC', 'WT_LOC'];0.0041324
t9536s3_noise;NOIS;Fail;455;[0.0043275, 0.0043453, 0.0043513, 0.0047603, 0.0043726];['WT_LOC', 'WT_LOC', 'WT_LOC', 'WT_LOC', 'WT_LOC'];0.0043513
t9786s1_noise;NOIS;Fail;425;[0.0038877, 0.0036796, 0.003572, 0.0036723, 0.0043869];['WT_LOC', 'WT_LOC', 'WT_LOC', 'WT_LOC', 'WT_LOC'];0.0036796
t9786s2_noise;NOIS;Fail;431;[0.0045874, 0.0041133, 0.0040372, 0.0044249, 0.0042302];['WT_LOC', 'WT_LOC', 'WT_LOC', 'WT_LOC', 'WT_LOC'];0.0042302
t9786s3_noise;NOIS;Fail;414;[0.0008118, 0.000676, 0.0006248, 0.0007308, 0.0006126];['WT_LOC', 'WT_LOC', 'WT_LOC', 'WT_LOC', 'WT_LOC'];0.000676
t10028s1_swap_act;SACT;WeakPass;419;[0.3360705, 0.3820677, 0.3431026, 0.3725637, 0.3476949];['WT_LOC', 'WT_LOC', 'WT_LOC', 'WT_LOC', 'WT_LOC'];0.3476949
t10028s2_swap_act;SACT;Fail;403;[0.000315, 0.0003154, 0.0003908, 0.0003941, 0.0002913];['WT_LOC', 'WT_LOC', 'WT_LOC', 'WT_LOC', 'WT_LOC'];0.0003154
t10028s3_swap_act;SACT;Fail;492;[0.004306, 0.004681, 0.0042044, 0.0040875, 0.0074698];['WT_LOC', 'WT_LOC', 'WT_LOC', 'WT_LOC', 'WT_LOC'];0.004306
t10152s1_swap_act;SACT;Fail;249;[0.0001824, 0.000173, 0.0001756, 0.0001925, 0.0001832];['WT_LOC', 'WT_LOC', 'WT_LOC', 'WT_LOC', 'WT_LOC'];0.0001824
t10152s2_swap_act;SACT;Fail;255;[0.0012847, 0.0023388, 0.0013367, 0.0018372, 0.0024361];['WT_LOC', 'WT_LOC', 'WT_LOC', 'WT_LOC', 'WT_LOC'];0.0018372
t10152s3_swap_act;SACT;Fail;302;[0.0059142, 0.0030686, 0.0047383, 0.002796, 0.0028272];['WT_LOC', 'WT_LOC', 'WT_LOC', 'WT_LOC', 'WT_LOC'];0.0030686
t1198s1_swap_act;SACT;WeakPass;443;[0.3524324, 0.4029403, 0.3712632, 0.3786865, 0.4053237];['WT_LOC', 'WT_LOC', 'WT_LOC', 'WT_LOC', 'WT_LOC'];0.3786865
t1198s2_swap_act;SACT;Fail;442;[0.001256, 0.0014415, 0.0012608, 0.0012523, 0.0011573];['WT_LOC', 'WT_LOC', 'WT_LOC', 'WT_LOC', 'WT_LOC'];0.001256
t1198s3_swap_act;SACT;WeakPass;393;[0.2674846, 0.2464362, 0.2387585, 0.2523528, 0.265362];['WT_LOC', 'WT_LOC', 'WT_LOC', 'WT_LOC', 'WT_LOC'];0.2523528
t1506s1_swap_act;SACT;Fail;442;[0.0018, 0.0017394, 0.0018214, 0.0017361, 0.0017722];['WT_LOC', 'WT_LOC', 'WT_LOC', 'WT_LOC', 'WT_LOC'];0.0017722
t1506s2_swap_act;SACT;Fail;443;[0.0040463, 0.0040673, 0.004223, 0.0043295, 0.0044814];['WT_LOC', 'WT_LOC', 'WT_LOC', 'WT_LOC', 'WT_LOC'];0.004223
t1506s3_swap_act;SACT;WeakPass;467;[0.3722634, 0.3460384, 0.3875959, 0.3596395, 0.4094271];['WT_LOC', 'WT_LOC', 'WT_LOC', 'WT_LOC', 'WT_LOC'];0.3722634
t1795s1_swap_act;SACT;WeakPass;455;[0.4013967, 0.4006499, 0.4563028, 0.4208252, 0.3924041];['WT_LOC', 'WT_LOC', 'WT_LOC', 'WT_LOC', 'WT_LOC'];0.4013967
t1795s2_swap_act;SACT;Fail;436;[0.0035549, 0.0032873, 0.0035108, 0.0035678, 0.0032067];['WT_LOC', 'WT_LOC', 'WT_LOC', 'WT_LOC', 'WT_LOC'];0.0035108
t1795s3_swap_act;SACT;Fail;384;[0.0029678, 0.0033017, 0.0030523, 0.0030309, 0.0030191];['WT_LOC', 'WT_LOC', 'WT_LOC', 'WT_LOC', 'WT_LOC'];0.0030309
t2085s1_swap_act;SACT;Fail;417;[0.0042428, 0.0050089, 0.0050527, 0.0048003, 0.009049];['WT_LOC', 'WT_LOC', 'WT_LOC', 'WT_LOC', 'WT_LOC'];0.0050089
t2085s2_swap_act;SACT;Fail;357;[0.0027951, 0.0027209, 0.0030019, 0.0026384, 0.0028243];['SAME', 'WT_LOC', 'SAME', 'WT_LOC', 'WT_LOC'];0.0027951
t2085s3_swap_act;SACT;WeakPass;459;[0.3280226, 0.3097842, 0.3516427, 0.354218, 0.3009171];['WT_LOC', 'WT_LOC', 'WT_LOC', 'WT_LOC', 'WT_LOC'];0.3280226
t2375s1_swap_act;SACT;Fail;505;[0.0005434, 0.0006186, 0.0005874, 0.0005816, 0.0005746];['WT_LOC', 'WT_LOC', 'WT_LOC', 'WT_LOC', 'WT_LOC'];0.0005816
t2375s2_swap_act;SACT;Fail;515;[0.0046119, 0.0049842, 0.0052856, 0.0045987, 0.0045815];['WT_LOC', 'WT_LOC', 'WT_LOC', 'WT_LOC', 'WT_LOC'];0.0046119
t2375s3_swap_act;SACT;Fail;435;[0.0019467, 0.0022223, 0.0020763, 0.0019968, 0.0019965];['WT_LOC', 'WT_LOC', 'WT_LOC', 'WT_LOC', 'WT_LOC'];0.0019968
t2664s1_swap_act;SACT;Fail;509;[0.0001406, 0.0001717, 0.0001815, 0.0001768, 0.0001727];['WT_LOC', 'WT_LOC', 'WT_LOC', 'WT_LOC', 'WT_LOC'];0.0001727
t2664s2_swap_act;SACT;WeakPass;434;[0.2526235, 0.2632289, 0.2652779, 0.2604641, 0.2974928];['WT_LOC', 'WT_LOC', 'WT_LOC', 'WT_LOC', 'WT_LOC'];0.2632289
t2664s3_swap_act;SACT;WeakPass;466;[0.3450118, 0.3943047, 0.370557, 0.3630604, 0.3577758];['WT_LOC', 'WT_LOC', 'WT_LOC', 'WT_LOC', 'WT_LOC'];0.3630604
t2956s1_swap_act;SACT;Fail;402;[0.0036369, 0.0033523, 0.0036648, 0.0034804, 0.0032653];['SAME', 'SAME', 'SAME', 'WT_LOC', 'WT_LOC'];0.0034804
t2956s2_swap_act;SACT;Fail;439;[0.0020986, 0.0021522, 0.0024093, 0.0020851, 0.0019999];['WT_LOC', 'WT_LOC', 'WT_LOC', 'WT_LOC', 'WT_LOC'];0.0020986
t2956s3_swap_act;SACT;WeakPass;470;[0.3779715, 0.4243773, 0.433678, 0.3840673, 0.3815418];['WT_LOC', 'WT_LOC', 'WT_LOC', 'WT_LOC', 'WT_LOC'];0.3840673
t314s1_swap_act;SACT;WeakPass;421;[0.2420411, 0.2664347, 0.2604337, 0.2627106, 0.2442838];['WT_LOC', 'WT_LOC', 'WT_LOC', 'WT_LOC', 'WT_LOC'];0.2604337
t314s2_swap_act;SACT;Fail;384;[0.0035351, 0.003618, 0.0038041, 0.0035534, 0.0034176];['WT_LOC', 'WT_LOC', 'WT_LOC', 'WT_LOC', 'WT_LOC'];0.0035534
t314s3_swap_act;SACT;Fail;494;[0.0045704, 0.0042776, 0.0046358, 0.008408, 0.0045844];['WT_LOC', 'WT_LOC', 'WT_LOC', 'WT_LOC', 'WT_LOC'];0.0045844
t3240s1_swap_act;SACT;Fail;404;[0.0034902, 0.003659, 0.0033216, 0.0036561, 0.0033377];['WT_LOC', 'WT_LOC', 'WT_LOC', 'WT_LOC', 'WT_LOC'];0.0034902
t3240s2_swap_act;SACT;WeakPass;404;[0.2216089, 0.2023004, 0.2277511, 0.2343331, 0.1958479];['WT_LOC', 'WT_LOC', 'WT_LOC', 'WT_LOC', 'WT_LOC'];0.2216089
t3240s3_swap_act;SACT;WeakPass;456;[0.33793, 0.3660152, 0.3728741, 0.3513369, 0.3175017];['WT_LOC', 'WT_LOC', 'WT_LOC', 'WT_LOC', 'WT_LOC'];0.3513369
t3511s1_swap_act;SACT;Fail;487;[0.004206, 0.0036372, 0.0036037, 0.0034955, 0.0035793];['WT_LOC', 'WT_LOC', 'WT_LOC', 'WT_LOC', 'WT_LOC'];0.0036037
t3511s2_swap_act;SACT;Fail;430;[0.0030729, 0.0031208, 0.0031208, 0.0034341, 0.0036005];['SAME', 'SAME', 'SAME', 'WT_LOC', 'SAME'];0.0031208
t3511s3_swap_act;SACT;Fail;395;[0.0001628, 0.0001525, 0.0001841, 0.0001771, 0.0001432];['WT_LOC', 'SAME', 'SAME', 'SAME', 'SAME'];0.0001628
t3783s1_swap_act;SACT;WeakPass;450;[0.415216, 0.3924216, 0.4171709, 0.4468299, 0.4023957];['WT_LOC', 'WT_LOC', 'WT_LOC', 'WT_LOC', 'WT_LOC'];0.415216
t3783s2_swap_act;SACT;Fail;499;[0.0004792, 0.0005218, 0.0004779, 0.000489, 0.0005111];['WT_LOC', 'WT_LOC', 'WT_LOC', 'WT_LOC', 'WT_LOC'];0.000489
t3783s3_swap_act;SACT;WeakPass;437;[0.2414774, 0.2428619, 0.260376, 0.2597331, 0.2437366];['WT_LOC', 'WT_LOC', 'WT_LOC', 'WT_LOC', 'WT_LOC'];0.2437366
t4075s1_swap_act;SACT;WeakPass;409;[0.2263051, 0.2178745, 0.226797, 0.25073, 0.2330963];['WT_LOC', 'WT_LOC', 'WT_LOC', 'WT_LOC', 'WT_LOC'];0.226797
t4075s2_swap_act;SACT;Fail;399;[0.0004539, 0.0004595, 0.0004965, 0.0004179, 0.0004503];['SAME', 'SAME', 'SAME', 'SAME', 'SAME'];0.0004539
t4075s3_swap_act;SACT;Fail;417;[0.0026313, 0.0047174, 0.0026135, 0.0026591, 0.0026755];['WT_LOC', 'WT_LOC', 'WT_LOC', 'WT_LOC', 'WT_LOC'];0.0026591
t4366s1_swap_act;SACT;Fail;388;[0.0001881, 0.0001498, 0.0001728, 0.0002349, 0.0001662];['WT_LOC', 'WT_LOC', 'WT_LOC', 'WT_LOC', 'WT_LOC'];0.0001728
t4366s2_swap_act;SACT;Fail;546;[0.00391, 0.0038558, 0.0037103, 0.0044877, 0.0036084];['WT_LOC', 'WT_LOC', 'WT_LOC', 'WT_LOC', 'WT_LOC'];0.0038558
t4366s3_swap_act;SACT;WeakPass;463;[0.4228089, 0.4620711, 0.4090383, 0.4621211, 0.4447742];['WT_LOC', 'WT_LOC', 'WT_LOC', 'WT_LOC', 'WT_LOC'];0.4447742
t4648s1_swap_act;SACT;WeakPass;471;[0.5032271, 0.4979066, 0.46833, 0.4743879, 0.5497755];['WT_LOC', 'WT_LOC', 'WT_LOC', 'WT_LOC', 'WT_LOC'];0.4979066
t4648s2_swap_act;SACT;WeakPass;510;[0.5971867, 0.512169, 0.5513733, 0.5423479, 0.5310505];['WT_LOC', 'WT_LOC', 'WT_LOC', 'WT_LOC', 'WT_LOC'];0.5423479
t4648s3_swap_act;SACT;Fail;514;[0.0037346, 0.003765, 0.0038263, 0.0037715, 0.0039185];['WT_LOC', 'WT_LOC', 'WT_LOC', 'WT_LOC', 'WT_LOC'];0.0037715
t4924s1_swap_act;SACT;Fail;390;[0.0034462, 0.0033144, 0.0033226, 0.0034392, 0.003378];['WT_LOC', 'WT_LOC', 'WT_LOC', 'WT_LOC', 'WT_LOC'];0.003378
t4924s2_swap_act;SACT;WeakPass;474;[0.3367721, 0.3164054, 0.3111783, 0.3209837, 0.3570676];['WT_LOC', 'WT_LOC', 'WT_LOC', 'WT_LOC', 'WT_LOC'];0.3209837
t4924s3_swap_act;SACT;Fail;501;[0.0036251, 0.0035863, 0.0036416, 0.0035516, 0.0036797];['WT_LOC', 'WT_LOC', 'WT_LOC', 'WT_LOC', 'WT_LOC'];0.0036251
t5196s1_swap_act;SACT;WeakPass;455;[0.3138641, 0.3416953, 0.3698106, 0.3868639, 0.2972718];['WT_LOC', 'WT_LOC', 'WT_LOC', 'WT_LOC', 'WT_LOC'];0.3416953
t5196s2_swap_act;SACT;WeakPass;460;[0.3955958, 0.4548799, 0.5497058, 0.5033934, 0.5136415];['WT_LOC', 'WT_LOC', 'WT_LOC', 'WT_LOC', 'WT_LOC'];0.5033934
t5196s3_swap_act;SACT;WeakPass;501;[0.6055902, 0.5647755, 0.4538537, 0.5304489, 0.4666662];['WT_LOC', 'WT_LOC', 'WT_LOC', 'WT_LOC', 'WT_LOC'];0.5304489
t5475s1_swap_act;SACT;Fail;527;[0.0021451, 0.0021917, 0.0020711, 0.0020905, 0.0022108];['WT_LOC', 'WT_LOC', 'WT_LOC', 'WT_LOC', 'WT_LOC'];0.0021451
t5475s2_swap_act;SACT;Fail;557;[0.0002034, 0.0002035, 0.0001971, 0.0001927, 0.0001983];['WT_LOC', 'WT_LOC', 'WT_LOC', 'WT_LOC', 'WT_LOC'];0.0001983
t5475s3_swap_act;SACT;WeakPass;394;[0.1543964, 0.1734817, 0.18637, 0.2008941, 0.1522395];['NO_LOC', 'NO_LOC', 'NO_LOC', 'NO_LOC', 'NO_LOC'];0.1734817
t5739s1_swap_act;SACT;Fail;418;[0.0004776, 0.0004896, 0.0004614, 0.0004543, 0.00045];['WT_LOC', 'WT_LOC', 'WT_LOC', 'WT_LOC', 'WT_LOC'];0.0004614
t5739s2_swap_act;SACT;WeakPass;495;[0.4337636, 0.450364, 0.4904415, 0.4722496, 0.4602861];['WT_LOC', 'WT_LOC', 'WT_LOC', 'WT_LOC', 'WT_LOC'];0.4602861
t5739s3_swap_act;SACT;Fail;410;[0.0040115, 0.004121, 0.0039945, 0.004418, 0.0037257];['WT_LOC', 'WT_LOC', 'WT_LOC', 'WT_LOC', 'WT_LOC'];0.0040115
t5999s1_swap_act;SACT;WeakPass;515;[0.5174458, 0.4844272, 0.5330894, 0.4896481, 0.508621];['WT_LOC', 'WT_LOC', 'WT_LOC', 'WT_LOC', 'WT_LOC'];0.508621
t5999s2_swap_act;SACT;Fail;467;[0.002681, 0.0028902, 0.00288, 0.0028069, 0.0028486];['WT_LOC', 'WT_LOC', 'WT_LOC', 'WT_LOC', 'WT_LOC'];0.0028486
t5999s3_swap_act;SACT;WeakPass;495;[0.5303691, 0.4926512, 0.4804917, 0.4909739, 0.5131436];['WT_LOC', 'WT_LOC', 'WT_LOC', 'WT_LOC', 'WT_LOC'];0.4926512
t623s1_swap_act;SACT;Fail;515;[0.0015098, 0.0014333, 0.0015002, 0.0013937, 0.0013686];['WT_LOC', 'WT_LOC', 'WT_LOC', 'WT_LOC', 'WT_LOC'];0.0014333
t623s2_swap_act;SACT;Fail;492;[0.0032801, 0.0033173, 0.0033511, 0.0033073, 0.0033842];['WT_LOC', 'WT_LOC', 'WT_LOC', 'WT_LOC', 'WT_LOC'];0.0033173
t623s3_swap_act;SACT;WeakPass;423;[0.2422142, 0.2310047, 0.224477, 0.2279329, 0.246099];['WT_LOC', 'WT_LOC', 'WT_LOC', 'WT_LOC', 'WT_LOC'];0.2310047
t6259s1_swap_act;SACT;WeakPass;456;[0.3757304, 0.3734592, 0.3605757, 0.3668452, 0.3351645];['WT_LOC', 'WT_LOC', 'WT_LOC', 'WT_LOC', 'WT_LOC'];0.3668452
t6259s2_swap_act;SACT;Fail;454;[0.0041064, 0.0040208, 0.004211, 0.0041368, 0.0041922];['WT_LOC', 'WT_LOC', 'WT_LOC', 'WT_LOC', 'WT_LOC'];0.0041368
t6259s3_swap_act;SACT;Fail;420;[0.0013509, 0.0013129, 0.0014065, 0.0013763, 0.0014508];['WT_LOC', 'WT_LOC', 'WT_LOC', 'WT_LOC', 'WT_LOC'];0.0013763
t6518s1_swap_act;SACT;WeakPass;513;[0.5067544, 0.4942448, 0.5650486, 0.5270579, 0.4797591];['WT_LOC', 'WT_LOC', 'WT_LOC', 'WT_LOC', 'WT_LOC'];0.5067544
t6518s2_swap_act;SACT;WeakPass;492;[0.4505689, 0.4596983, 0.4652436, 0.475345, 0.5090018];['WT_LOC', 'WT_LOC', 'WT_LOC', 'WT_LOC', 'WT_LOC'];0.4652436
t6518s3_swap_act;SACT;WeakPass;433;[0.2988945, 0.3002668, 0.2807052, 0.2860268, 0.3029073];['WT_LOC', 'WT_LOC', 'WT_LOC', 'WT_LOC', 'WT_LOC'];0.2988945
t6779s1_swap_act;SACT;Fail;425;[0.0034023, 0.0033209, 0.0032979, 0.0033357, 0.0034468];['WT_LOC', 'WT_LOC', 'WT_LOC', 'WT_LOC', 'WT_LOC'];0.0033357
t6779s2_swap_act;SACT;WeakPass;410;[0.2432764, 0.245968, 0.220823, 0.227055, 0.2347805];['WT_LOC', 'WT_LOC', 'WT_LOC', 'WT_LOC', 'WT_LOC'];0.2347805
t6779s3_swap_act;SACT;Fail;392;[0.0034763, 0.0039918, 0.0035344, 0.0036933, 0.0033129];['WT_LOC', 'WT_LOC', 'WT_LOC', 'WT_LOC', 'WT_LOC'];0.0035344
t7036s1_swap_act;SACT;WeakPass;407;[0.3004266, 0.3099864, 0.3320399, 0.308128, 0.3300371];['WT_LOC', 'WT_LOC', 'WT_LOC', 'WT_LOC', 'WT_LOC'];0.3099864
t7036s2_swap_act;SACT;WeakPass;383;[0.2425636, 0.233642, 0.2163363, 0.2246932, 0.2290281];['WT_LOC', 'WT_LOC', 'WT_LOC', 'WT_LOC', 'WT_LOC'];0.2290281
t7036s3_swap_act;SACT;Fail;464;[0.0002025, 0.0001777, 0.00024, 0.000185, 0.0001997];['WT_LOC', 'WT_LOC', 'WT_LOC', 'WT_LOC', 'WT_LOC'];0.0001997
t7287s1_swap_act;SACT;Fail;374;[0.0006895, 0.0007236, 0.0014513, 0.0009388, 0.0007713];['SAME', 'SAME', 'SAME', 'SAME', 'SAME'];0.0007713
t7287s2_swap_act;SACT;Fail;447;[0.0006293, 0.0005946, 0.0005711, 0.0009762, 0.0005601];['WT_LOC', 'WT_LOC', 'WT_LOC', 'WT_LOC', 'WT_LOC'];0.0005946
t7287s3_swap_act;SACT;Fail;421;[0.0026996, 0.0026899, 0.0027874, 0.0027956, 0.0026717];['WT_LOC', 'WT_LOC', 'WT_LOC', 'WT_LOC', 'WT_LOC'];0.0026996
t7540s1_swap_act;SACT;WeakPass;473;[0.4744764, 0.4340797, 0.418991, 0.4440615, 0.4117468];['WT_LOC', 'WT_LOC', 'WT_LOC', 'WT_LOC', 'WT_LOC'];0.4340797
t7540s2_swap_act;SACT;Fail;419;[0.0006437, 0.0008049, 0.000733, 0.0007482, 0.000764];['WT_LOC', 'SAME', 'SAME', 'SAME', 'WT_LOC'];0.0007482
t7540s3_swap_act;SACT;WeakPass;482;[0.4227877, 0.418818, 0.4510897, 0.5019943, 0.5516967];['WT_LOC', 'WT_LOC', 'WT_LOC', 'WT_LOC', 'WT_LOC'];0.4510897
t7805s1_swap_act;SACT;WeakPass;484;[0.5641369, 0.6032194, 0.5613408, 0.4605528, 0.4654359];['WT_LOC', 'WT_LOC', 'WT_LOC', 'WT_LOC', 'WT_LOC'];0.5613408
t7805s2_swap_act;SACT;WeakPass;476;[0.4819057, 0.5286914, 0.5252494, 0.4729661, 0.484833];['WT_LOC', 'WT_LOC', 'WT_LOC', 'WT_LOC', 'WT_LOC'];0.484833
t7805s3_swap_act;SACT;Fail;428;[0.0013905, 0.0013572, 0.0013102, 0.0013909, 0.0013505];['WT_LOC', 'WT_LOC', 'WT_LOC', 'WT_LOC', 'WT_LOC'];0.0013572
t8067s1_swap_act;SACT;WeakPass;412;[0.2507669, 0.2737648, 0.2618395, 0.2843035, 0.2650338];['WT_LOC', 'WT_LOC', 'WT_LOC', 'WT_LOC', 'WT_LOC'];0.2650338
t8067s2_swap_act;SACT;Fail;400;[0.0030456, 0.0029319, 0.0030407, 0.0029071, 0.00288];['WT_LOC', 'WT_LOC', 'WT_LOC', 'WT_LOC', 'WT_LOC'];0.0029319
t8067s3_swap_act;SACT;Fail;454;[0.0015399, 0.0015625, 0.001603, 0.0015628, 0.0015421];['WT_LOC', 'WT_LOC', 'WT_LOC', 'WT_LOC', 'WT_LOC'];0.0015625
t8313s1_swap_act;SACT;Fail;379;[0.0012113, 0.0010588, 0.0020349, 0.0010332, 0.001017];['WT_LOC', 'WT_LOC', 'WT_LOC', 'WT_LOC', 'WT_LOC'];0.0010588
t8313s2_swap_act;SACT;WeakPass;512;[0.5072662, 0.4692423, 0.5100057, 0.4841747, 0.5101003];['WT_LOC', 'WT_LOC', 'WT_LOC', 'WT_LOC', 'WT_LOC'];0.5072662
t8313s3_swap_act;SACT;Fail;479;[0.003893, 0.003863, 0.0038585, 0.0037882, 0.0035687];['WT_LOC', 'WT_LOC', 'WT_LOC', 'WT_LOC', 'WT_LOC'];0.0038585
t8572s1_swap_act;SACT;WeakPass;558;[0.6643556, 0.6081925, 0.6283748, 0.6225571, 0.5987043];['WT_LOC', 'WT_LOC', 'WT_LOC', 'WT_LOC', 'WT_LOC'];0.6225571
t8572s2_swap_act;SACT;WeakPass;495;[0.4091815, 0.4267043, 0.4238422, 0.4087256, 0.4562966];['WT_LOC', 'WT_LOC', 'WT_LOC', 'WT_LOC', 'WT_LOC'];0.4238422
t8572s3_swap_act;SACT;WeakPass;426;[0.3174041, 0.3111651, 0.3612645, 0.3366101, 0.3309482];['WT_LOC', 'WT_LOC', 'WT_LOC', 'WT_LOC', 'WT_LOC'];0.3309482
t8804s1_swap_act;SACT;Fail;387;[0.0017364, 0.0018095, 0.0018361, 0.0018277, 0.001866];['WT_LOC', 'WT_LOC', 'WT_LOC', 'WT_LOC', 'WT_LOC'];0.0018277
t8804s2_swap_act;SACT;Fail;443;[0.0039052, 0.0040383, 0.0039598, 0.0040324, 0.0040235];['WT_LOC', 'WT_LOC', 'WT_LOC', 'WT_LOC', 'WT_LOC'];0.0040235
t8804s3_swap_act;SACT;WeakPass;447;[0.2669323, 0.3078124, 0.3021658, 0.3040481, 0.2893047];['WT_LOC', 'WT_LOC', 'WT_LOC', 'WT_LOC', 'WT_LOC'];0.3021658
t9041s1_swap_act;SACT;Fail;429;[0.0039043, 0.003781, 0.0038371, 0.0037554, 0.0037949];['WT_LOC', 'WT_LOC', 'WT_LOC', 'WT_LOC', 'WT_LOC'];0.0037949
t9041s2_swap_act;SACT;WeakPass;406;[0.2186504, 0.1891449, 0.1947367, 0.1960231, 0.197831];['WT_LOC', 'WT_LOC', 'WT_LOC', 'WT_LOC', 'WT_LOC'];0.1960231
t9041s3_swap_act;SACT;WeakPass;518;[0.4767167, 0.4592697, 0.4562074, 0.4767669, 0.5018049];['WT_LOC', 'WT_LOC', 'WT_LOC', 'WT_LOC', 'WT_LOC'];0.4767167
t916s1_swap_act;SACT;WeakPass;424;[0.2346178, 0.247206, 0.2333413, 0.2316677, 0.2387956];['WT_LOC', 'WT_LOC', 'WT_LOC', 'WT_LOC', 'WT_LOC'];0.2346178
t916s2_swap_act;SACT;Fail;457;[0.0004815, 0.000374, 0.000389, 0.0004035, 0.0003744];['WT_LOC', 'WT_LOC', 'WT_LOC', 'WT_LOC', 'WT_LOC'];0.000389
t916s3_swap_act;SACT;Fail;404;[0.001967, 0.0018575, 0.0017782, 0.0018376, 0.001759];['WT_LOC', 'WT_LOC', 'WT_LOC', 'WT_LOC', 'WT_LOC'];0.0018376
t9282s1_swap_act;SACT;Fail;427;[0.0027029, 0.0023384, 0.0023924, 0.0027102, 0.0025196];['WT_LOC', 'WT_LOC', 'WT_LOC', 'WT_LOC', 'WT_LOC'];0.0025196
t9282s2_swap_act;SACT;WeakPass;401;[0.2736296, 0.2217818, 0.2320433, 0.2455095, 0.2839386];['WT_LOC', 'WT_LOC', 'WT_LOC', 'WT_LOC', 'WT_LOC'];0.2455095
t9282s3_swap_act;SACT;Fail;461;[0.0030411, 0.0031227, 0.0030919, 0.003097, 0.0031697];['WT_LOC', 'WT_LOC', 'WT_LOC', 'WT_LOC', 'WT_LOC'];0.003097
t9536s1_swap_act;SACT;Fail;422;[0.000393, 0.0003591, 0.0003676, 0.0003769, 0.0003825];['WT_LOC', 'WT_LOC', 'WT_LOC', 'WT_LOC', 'WT_LOC'];0.0003769
t9536s2_swap_act;SACT;Fail;413;[0.0038194, 0.0037996, 0.0037784, 0.004043, 0.0036534];['WT_LOC', 'WT_LOC', 'WT_LOC', 'WT_LOC', 'WT_LOC'];0.0037996
t9536s3_swap_act;SACT;Fail;454;[0.0044469, 0.0045441, 0.0040136, 0.0040191, 0.0041365];['WT_LOC', 'WT_LOC', 'WT_LOC', 'WT_LOC', 'WT_LOC'];0.0041365
t9786s1_swap_act;SACT;WeakPass;424;[0.2146217, 0.2405841, 0.2451376, 0.2364044, 0.2363526];['WT_LOC', 'WT_LOC', 'WT_LOC', 'WT_LOC', 'WT_LOC'];0.2364044
t9786s2_swap_act;SACT;Fail;430;[0.00124, 0.0012538, 0.0013616, 0.0012551, 0.0012614];['WT_LOC', 'WT_LOC', 'WT_LOC', 'WT_LOC', 'WT_LOC'];0.0012551
t9786s3_swap_act;SACT;WeakPass;413;[0.2669801, 0.2369132, 0.2496352, 0.278163, 0.2817232];['WT_LOC', 'WT_LOC', 'WT_LOC', 'WT_LOC', 'WT_LOC'];0.2669801
t10028s1_swap_comp;SCMP;WeakPass;461;[0.3517875, 0.3685839, 0.3745933, 0.3871932, 0.4788918];['WT_LOC', 'WT_LOC', 'WT_LOC', 'WT_LOC', 'WT_LOC'];0.3745933
t10028s2_swap_comp;SCMP;WeakPass;398;[0.2443751, 0.2417054, 0.238705, 0.2265987, 0.249493];['WT_LOC', 'WT_LOC', 'WT_LOC', 'WT_LOC', 'WT_LOC'];0.2417054
t10028s3_swap_comp;SCMP;WeakPass;506;[0.6057764, 0.594506, 0.6355808, 0.6125807, 0.63001];['WT_LOC', 'WT_LOC', 'WT_LOC', 'WT_LOC', 'WT_LOC'];0.6125807
t10152s1_swap_comp;SCMP;WeakPass;461;[0.4980379, 0.4519923, 0.3991806, 0.4564319, 0.383127];['WT_LOC', 'WT_LOC', 'WT_LOC', 'WT_LOC', 'WT_LOC'];0.4519923
t10152s2_swap_comp;SCMP;WeakPass;435;[0.4144852, 0.4370101, 0.3876226, 0.3793812, 0.3772648];['WT_LOC', 'WT_LOC', 'WT_LOC', 'WT_LOC', 'WT_LOC'];0.3876226
t10152s3_swap_comp;SCMP;WeakPass;422;[0.2360043, 0.2198559, 0.2375182, 0.223844, 0.2407547];['WT_LOC', 'WT_LOC', 'WT_LOC', 'WT_LOC', 'WT_LOC'];0.2360043
t1198s1_swap_comp;SCMP;WeakPass;265;[0.0814435, 0.0681726, 0.0693573, 0.0839075, 0.0774685];['NO_LOC', 'NO_LOC', 'NO_LOC', 'NO_LOC', 'NO_LOC'];0.0774685
t1198s2_swap_comp;SCMP;WeakPass;464;[0.2590727, 0.2946813, 0.2964571, 0.2778622, 0.2994964];['WT_LOC', 'WT_LOC', 'WT_LOC', 'WT_LOC', 'WT_LOC'];0.2946813
t1198s3_swap_comp;SCMP;Fail;386;[0.003553, 0.0036043, 0.0036417, 0.0035046, 0.0035645];['NO_LOC', 'NO_LOC', 'NO_LOC', 'NO_LOC', 'NO_LOC'];0.0035645
t1506s1_swap_comp;SCMP;WeakPass;486;[0.4776845, 0.4783246, 0.546828, 0.4679522, 0.5160781];['WT_LOC', 'WT_LOC', 'WT_LOC', 'WT_LOC', 'WT_LOC'];0.4783246
t1506s2_swap_comp;SCMP;Fail;481;[1.5033547, 1.4874966, 1.5010466999999998, 1.3875581000000001, 1.4730044];['NO_LOC', 'NO_LOC', 'NO_LOC', 'NO_LOC', 'NO_LOC'];1.4874966
t1506s3_swap_comp;SCMP;WeakPass;447;[0.3506069, 0.3756882, 0.3382915, 0.3477131, 0.335804];['WT_LOC', 'WT_LOC', 'WT_LOC', 'WT_LOC', 'WT_LOC'];0.3477131
t1795s1_swap_comp;SCMP;WeakPass;418;[0.2428319, 0.2646023, 0.2603014, 0.276868, 0.2720513];['WT_LOC', 'WT_LOC', 'WT_LOC', 'WT_LOC', 'WT_LOC'];0.2646023
t1795s2_swap_comp;SCMP;Fail;372;[3.527103, 3.5005771, 3.6483449, 4.1295706, 3.508982];['NO_LOC', 'NO_LOC', 'NO_LOC', 'NO_LOC', 'NO_LOC'];3.527103
t1795s3_swap_comp;SCMP;WeakPass;452;[0.3428925, 0.3713398, 0.3233689, 0.3843572, 0.3510391];['WT_LOC', 'WT_LOC', 'WT_LOC', 'WT_LOC', 'WT_LOC'];0.3510391
t2085s1_swap_comp;SCMP;WeakPass;421;[0.2317511, 0.2125517, 0.2204057, 0.2153406, 0.232743];['WT_LOC', 'WT_LOC', 'WT_LOC', 'WT_LOC', 'WT_LOC'];0.2204057
t2085s2_swap_comp;SCMP;Fail;466;[2.3070068, 2.3580725, 2.1687059, 2.2783644, 2.2050422];['NO_LOC', 'NO_LOC', 'NO_LOC', 'NO_LOC', 'NO_LOC'];2.2783644
t2085s3_swap_comp;SCMP;WeakPass;410;[0.2083732, 0.246346, 0.2140381, 0.2097031, 0.2111904];['WT_LOC', 'WT_LOC', 'WT_LOC', 'WT_LOC', 'WT_LOC'];0.2111904
t2375s1_swap_comp;SCMP;WeakPass;482;[0.4163669, 0.3796475, 0.4665215, 0.4032341, 0.4028889];['WT_LOC', 'WT_LOC', 'WT_LOC', 'WT_LOC', 'WT_LOC'];0.4032341
t2375s2_swap_comp;SCMP;Fail;513;[0.0035833, 0.00379, 0.0037351, 0.0037117, 0.0036888];['NO_LOC', 'NO_LOC', 'NO_LOC', 'NO_LOC', 'NO_LOC'];0.0037117
t2375s3_swap_comp;SCMP;WeakPass;430;[0.2797352, 0.2810196, 0.2561996, 0.2582807, 0.2960308];['WT_LOC', 'WT_LOC', 'WT_LOC', 'WT_LOC', 'WT_LOC'];0.2797352
t2664s1_swap_comp;SCMP;WeakPass;400;[0.2190691, 0.2658403, 0.2151274, 0.2235615, 0.2355566];['WT_LOC', 'WT_LOC', 'WT_LOC', 'WT_LOC', 'WT_LOC'];0.2235615
t2664s2_swap_comp;SCMP;WeakPass;399;[0.2229786, 0.2483891, 0.2320922, 0.2080823, 0.2453959];['WT_LOC', 'WT_LOC', 'WT_LOC', 'WT_LOC', 'WT_LOC'];0.2320922
t2664s3_swap_comp;SCMP;WeakPass;518;[0.4767282, 0.5016373, 0.483634, 0.5041889, 0.5349735];['WT_LOC', 'WT_LOC', 'WT_LOC', 'WT_LOC', 'WT_LOC'];0.5016373
t2956s1_swap_comp;SCMP;WeakPass;491;[0.4500822, 0.4625062, 0.5118144, 0.4772307, 0.486294];['WT_LOC', 'WT_LOC', 'WT_LOC', 'WT_LOC', 'WT_LOC'];0.4772307
t2956s2_swap_comp;SCMP;WeakPass;500;[0.5004188, 0.5459785, 0.4881151, 0.4996801, 0.4858432];['WT_LOC', 'WT_LOC', 'WT_LOC', 'WT_LOC', 'WT_LOC'];0.4996801
t2956s3_swap_comp;SCMP;WeakPass;467;[0.3726891, 0.3411973, 0.3376274, 0.3254394, 0.3186262];['WT_LOC', 'WT_LOC', 'WT_LOC', 'WT_LOC', 'WT_LOC'];0.3376274
t314s1_swap_comp;SCMP;WeakPass;523;[0.5079316, 0.4781738, 0.4803605, 0.4744996, 0.4810347];['WT_LOC', 'WT_LOC', 'WT_LOC', 'WT_LOC', 'WT_LOC'];0.4803605
t314s2_swap_comp;SCMP;WeakPass;403;[0.0785522, 0.0681437, 0.1014107, 0.0784794, 0.0754536];['NO_LOC', 'NO_LOC', 'NO_LOC', 'NO_LOC', 'NO_LOC'];0.0784794
t314s3_swap_comp;SCMP;WeakPass;488;[0.4239494, 0.38667, 0.3868658, 0.4055462, 0.4194984];['WT_LOC', 'WT_LOC', 'WT_LOC', 'WT_LOC', 'WT_LOC'];0.4055462
t3240s1_swap_comp;SCMP;WeakPass;502;[0.4545695, 0.4539629, 0.4488061, 0.4456186, 0.4584016];['WT_LOC', 'WT_LOC', 'WT_LOC', 'WT_LOC', 'WT_LOC'];0.4539629
t3240s2_swap_comp;SCMP;WeakPass;458;[0.3807173, 0.3437474, 0.366342, 0.383303, 0.3695261];['WT_LOC', 'WT_LOC', 'WT_LOC', 'WT_LOC', 'WT_LOC'];0.3695261
t3240s3_swap_comp;SCMP;Fail;426;[4.2718021, 4.2984322, 4.3057318, 4.1651909, 4.5788758000000005];['NO_LOC', 'NO_LOC', 'NO_LOC', 'NO_LOC', 'NO_LOC'];4.2984322
t3511s1_swap_comp;SCMP;WeakPass;368;[0.2732847, 0.2739872, 0.2750854, 0.3091959, 0.2877525];['WT_LOC', 'WT_LOC', 'WT_LOC', 'WT_LOC', 'WT_LOC'];0.2750854
t3511s2_swap_comp;SCMP;WeakPass;405;[0.2649216, 0.2248489, 0.2794059, 0.2514168, 0.2793478];['WT_LOC', 'WT_LOC', 'WT_LOC', 'WT_LOC', 'WT_LOC'];0.2649216
t3511s3_swap_comp;SCMP;WeakPass;437;[0.2998038, 0.3041352, 0.2987069, 0.2710336, 0.305184];['WT_LOC', 'WT_LOC', 'WT_LOC', 'WT_LOC', 'WT_LOC'];0.2998038
t3783s1_swap_comp;SCMP;WeakPass;509;[0.4825939, 0.5115436, 0.4765287, 0.4938827, 0.504352];['WT_LOC', 'WT_LOC', 'WT_LOC', 'WT_LOC', 'WT_LOC'];0.4938827
t3783s2_swap_comp;SCMP;WeakPass;438;[0.3028906, 0.3208187, 0.3424896, 0.3424704, 0.3025266];['WT_LOC', 'WT_LOC', 'WT_LOC', 'WT_LOC', 'WT_LOC'];0.3208187
t3783s3_swap_comp;SCMP;Fail;417;[0.0736895, 0.0769877, 0.0825463, 0.0899528, 0.0750765];['NO_LOC', 'NO_LOC', 'NO_LOC', 'NO_LOC', 'NO_LOC'];0.0769877
t4075s1_swap_comp;SCMP;Fail;388;[1.4660136, 1.4309593999999999, 1.4019936, 1.5128886000000001, 1.4165231];['NO_LOC', 'NO_LOC', 'NO_LOC', 'NO_LOC', 'NO_LOC'];1.4309593999999999
t4075s2_swap_comp;SCMP;WeakPass;515;[0.4595878, 0.5107811, 0.5083933, 0.461828, 0.487027];['WT_LOC', 'WT_LOC', 'WT_LOC', 'WT_LOC', 'WT_LOC'];0.487027
t4075s3_swap_comp;SCMP;WeakPass;480;[0.4222406, 0.4299788, 0.4490767, 0.4290571, 0.3812827];['WT_LOC', 'WT_LOC', 'WT_LOC', 'WT_LOC', 'WT_LOC'];0.4290571
t4366s1_swap_comp;SCMP;WeakPass;447;[0.2726786, 0.2832679, 0.2692621, 0.2793761, 0.2675886];['WT_LOC', 'WT_LOC', 'WT_LOC', 'WT_LOC', 'WT_LOC'];0.2726786
t4366s2_swap_comp;SCMP;WeakPass;510;[0.4398508, 0.394525, 0.4468661, 0.4736725, 0.45928];['WT_LOC', 'WT_LOC', 'WT_LOC', 'WT_LOC', 'WT_LOC'];0.4468661
t4366s3_swap_comp;SCMP;WeakPass;533;[0.7097423, 0.6373102, 0.673862, 0.5459018, 0.5460001];['WT_LOC', 'WT_LOC', 'WT_LOC', 'WT_LOC', 'WT_LOC'];0.6373102
t4648s1_swap_comp;SCMP;Fail;496;[0.0039077, 0.0038722, 0.0038152, 0.0037993, 0.0039951];['NO_LOC', 'NO_LOC', 'NO_LOC', 'NO_LOC', 'NO_LOC'];0.0038722
t4648s2_swap_comp;SCMP;WeakPass;546;[0.5126261, 0.5137765, 0.4746867, 0.4726694, 0.4952278];['WT_LOC', 'WT_LOC', 'WT_LOC', 'WT_LOC', 'WT_LOC'];0.4952278
t4648s3_swap_comp;SCMP;WeakPass;405;[0.2756449, 0.252989, 0.2369525, 0.2504959, 0.2899432];['WT_LOC', 'WT_LOC', 'WT_LOC', 'WT_LOC', 'WT_LOC'];0.252989
t4924s1_swap_comp;SCMP;Fail;431;[1.9044759, 1.9177412, 1.5562251, 1.543979, 1.4917216];['NO_LOC', 'NO_LOC', 'NO_LOC', 'NO_LOC', 'NO_LOC'];1.5562251
t4924s2_swap_comp;SCMP;Fail;402;[1.4846646, 1.4528563, 1.5406368000000001, 1.3788681999999999, 1.519604];['NO_LOC', 'NO_LOC', 'NO_LOC', 'NO_LOC', 'NO_LOC'];1.4846646
t4924s3_swap_comp;SCMP;Fail;577;[2.3205515, 2.3596137, 2.3499754, 2.4063052, 2.2115816];['NO_LOC', 'NO_LOC', 'NO_LOC', 'NO_LOC', 'NO_LOC'];2.3499754
t5196s1_swap_comp;SCMP;WeakPass;435;[0.3458997, 0.3065959, 0.3491837, 0.3678537, 0.3313768];['WT_LOC', 'WT_LOC', 'WT_LOC', 'WT_LOC', 'WT_LOC'];0.3458997
t5196s2_swap_comp;SCMP;WeakPass;541;[0.5855496, 0.5843482, 0.5647076, 0.5627463, 0.5766686];['WT_LOC', 'WT_LOC', 'WT_LOC', 'WT_LOC', 'WT_LOC'];0.5766686
t5196s3_swap_comp;SCMP;WeakPass;398;[0.2726185, 0.277278, 0.3360727, 0.3415795, 0.3219043];['WT_LOC', 'WT_LOC', 'WT_LOC', 'WT_LOC', 'WT_LOC'];0.3219043
t5475s1_swap_comp;SCMP;WeakPass;463;[0.3845296, 0.4058097, 0.4622626, 0.4151497, 0.4593727];['WT_LOC', 'WT_LOC', 'WT_LOC', 'WT_LOC', 'WT_LOC'];0.4151497
t5475s2_swap_comp;SCMP;WeakPass;492;[0.5614854, 0.6199855, 0.6052649, 0.4938507, 0.5096476];['WT_LOC', 'WT_LOC', 'WT_LOC', 'WT_LOC', 'WT_LOC'];0.5614854
t5475s3_swap_comp;SCMP;WeakPass;453;[0.3185235, 0.3209919, 0.3192528, 0.3275915, 0.3164454];['WT_LOC', 'WT_LOC', 'WT_LOC', 'WT_LOC', 'WT_LOC'];0.3192528
t5739s1_swap_comp;SCMP;WeakPass;481;[0.5277361, 0.5283791, 0.4928302, 0.4633136, 0.4730333];['WT_LOC', 'WT_LOC', 'WT_LOC', 'WT_LOC', 'WT_LOC'];0.4928302
t5739s2_swap_comp;SCMP;WeakPass;503;[0.4647353, 0.4731192, 0.482842, 0.4836116, 0.4530081];['WT_LOC', 'WT_LOC', 'WT_LOC', 'WT_LOC', 'WT_LOC'];0.4731192
t5739s3_swap_comp;SCMP;WeakPass;408;[0.2105896, 0.2475663, 0.1893858, 0.2194658, 0.1921892];['WT_LOC', 'WT_LOC', 'WT_LOC', 'WT_LOC', 'WT_LOC'];0.2105896
t5999s1_swap_comp;SCMP;WeakPass;450;[0.4054814, 0.3830389, 0.3709312, 0.3997387, 0.3740624];['WT_LOC', 'WT_LOC', 'WT_LOC', 'WT_LOC', 'WT_LOC'];0.3830389
t5999s2_swap_comp;SCMP;WeakPass;451;[0.4208193, 0.3896924, 0.4159198, 0.4016863, 0.4179226];['WT_LOC', 'WT_LOC', 'WT_LOC', 'WT_LOC', 'WT_LOC'];0.4159198
t5999s3_swap_comp;SCMP;TIMEOUT;None;[];[];None
t623s1_swap_comp;SCMP;WeakPass;496;[0.4742949, 0.4713978, 0.4936838, 0.4725435, 0.4878169];['WT_LOC', 'WT_LOC', 'WT_LOC', 'WT_LOC', 'WT_LOC'];0.4742949
t623s2_swap_comp;SCMP;WeakPass;538;[0.4918694, 0.4682376, 0.4610673, 0.4942779, 0.511374];['WT_LOC', 'WT_LOC', 'WT_LOC', 'WT_LOC', 'WT_LOC'];0.4918694
t623s3_swap_comp;SCMP;WeakPass;460;[0.4504544, 0.3966766, 0.4259156, 0.4052877, 0.4477102];['WT_LOC', 'WT_LOC', 'WT_LOC', 'WT_LOC', 'WT_LOC'];0.4259156
t6259s1_swap_comp;SCMP;TIMEOUT;None;[];[];None
t6259s2_swap_comp;SCMP;Fail;458;[3.0036323, 2.9391651, 2.8714074, 2.9587298, 3.0361728];['NO_LOC', 'NO_LOC', 'NO_LOC', 'NO_LOC', 'NO_LOC'];2.9587298
t6259s3_swap_comp;SCMP;Fail;404;[2.928838, 3.0124872, 3.0611384, 3.1256492, 3.1054661];['NO_LOC', 'NO_LOC', 'NO_LOC', 'NO_LOC', 'NO_LOC'];3.0611384
t6518s1_swap_comp;SCMP;WeakPass;388;[0.2301253, 0.2203577, 0.2580508, 0.2598743, 0.2284173];['WT_LOC', 'WT_LOC', 'WT_LOC', 'WT_LOC', 'WT_LOC'];0.2301253
t6518s2_swap_comp;SCMP;WeakPass;444;[0.4046142, 0.4302252, 0.4780818, 0.5147622, 0.4726449];['WT_LOC', 'WT_LOC', 'WT_LOC', 'WT_LOC', 'WT_LOC'];0.4726449
t6518s3_swap_comp;SCMP;WeakPass;507;[0.5970621, 0.5931846, 0.6510714, 0.6845472, 0.5562887];['WT_LOC', 'WT_LOC', 'WT_LOC', 'WT_LOC', 'WT_LOC'];0.5970621
t6779s1_swap_comp;SCMP;WeakPass;479;[0.7841543, 0.5697691, 0.5493195, 0.5174923, 0.5416347];['WT_LOC', 'WT_LOC', 'WT_LOC', 'WT_LOC', 'WT_LOC'];0.5493195
t6779s2_swap_comp;SCMP;WeakPass;486;[0.4672146, 0.5588086, 0.6386918, 0.6165816, 0.8348267];['WT_LOC', 'WT_LOC', 'WT_LOC', 'WT_LOC', 'WT_LOC'];0.6165816
t6779s3_swap_comp;SCMP;WeakPass;386;[0.2389627, 0.2214107, 0.2782115, 0.4390727, 0.3979303];['WT_LOC', 'WT_LOC', 'WT_LOC', 'WT_LOC', 'WT_LOC'];0.2782115
t7036s1_swap_comp;SCMP;WeakPass;385;[0.2436768, 0.2681917, 0.2848706, 0.2554793, 0.2539049];['WT_LOC', 'WT_LOC', 'WT_LOC', 'WT_LOC', 'WT_LOC'];0.2554793
t7036s2_swap_comp;SCMP;TIMEOUT;None;[];[];None
t7036s3_swap_comp;SCMP;WeakPass;510;[0.4976389, 0.496117, 0.4365372, 0.4087727, 0.4339086];['WT_LOC', 'WT_LOC', 'WT_LOC', 'WT_LOC', 'WT_LOC'];0.4365372
t7287s1_swap_comp;SCMP;WeakPass;453;[0.3485506, 0.3555413, 0.3173922, 0.2990852, 0.3670326];['WT_LOC', 'WT_LOC', 'WT_LOC', 'WT_LOC', 'WT_LOC'];0.3485506
t7287s2_swap_comp;SCMP;WeakPass;489;[0.5936735, 0.4925469, 0.5150103, 0.5711633, 0.5045323];['WT_LOC', 'WT_LOC', 'WT_LOC', 'WT_LOC', 'WT_LOC'];0.5150103
t7287s3_swap_comp;SCMP;Fail;390;[0.0041638, 0.0047339, 0.0043513, 0.0047717, 0.0048719];['NO_LOC', 'NO_LOC', 'NO_LOC', 'NO_LOC', 'NO_LOC'];0.0047339
t7540s1_swap_comp;SCMP;TIMEOUT;None;[];[];None
t7540s2_swap_comp;SCMP;WeakPass;503;[0.5099717, 0.52439, 0.5510647, 0.5358426, 0.4851269];['WT_LOC', 'WT_LOC', 'WT_LOC', 'WT_LOC', 'WT_LOC'];0.52439
t7540s3_swap_comp;SCMP;WeakPass;375;[0.1930418, 0.1847724, 0.1795678, 0.16763, 0.1687634];['NO_LOC', 'NO_LOC', 'NO_LOC', 'NO_LOC', 'NO_LOC'];0.1795678
t7805s1_swap_comp;SCMP;WeakPass;442;[0.3178428, 0.2677251, 0.269399, 0.2912313, 0.2916127];['WT_LOC', 'WT_LOC', 'WT_LOC', 'WT_LOC', 'WT_LOC'];0.2912313
t7805s2_swap_comp;SCMP;WeakPass;506;[0.4850015, 0.5164119, 0.4935979, 0.4987407, 0.4908939];['WT_LOC', 'WT_LOC', 'WT_LOC', 'WT_LOC', 'WT_LOC'];0.4935979
t7805s3_swap_comp;SCMP;WeakPass;412;[0.2276969, 0.2114502, 0.2355426, 0.2151213, 0.1915854];['WT_LOC', 'WT_LOC', 'WT_LOC', 'WT_LOC', 'WT_LOC'];0.2151213
t8067s1_swap_comp;SCMP;TIMEOUT;None;[];[];None
t8067s2_swap_comp;SCMP;WeakPass;401;[0.3109605, 0.2951649, 0.2960173, 0.3126372, 0.3096989];['WT_LOC', 'WT_LOC', 'WT_LOC', 'WT_LOC', 'WT_LOC'];0.3096989
t8067s3_swap_comp;SCMP;TIMEOUT;None;[];[];None
t8313s1_swap_comp;SCMP;WeakPass;472;[0.475816, 0.5113853, 0.4598579, 0.4755131, 0.4747015];['WT_LOC', 'WT_LOC', 'WT_LOC', 'WT_LOC', 'WT_LOC'];0.4755131
t8313s2_swap_comp;SCMP;WeakPass;471;[0.4000833, 0.3842552, 0.3944764, 0.3684992, 0.3938303];['WT_LOC', 'WT_LOC', 'WT_LOC', 'WT_LOC', 'WT_LOC'];0.3938303
t8313s3_swap_comp;SCMP;WeakPass;445;[0.3038756, 0.3180198, 0.311727, 0.3134538, 0.3271072];['WT_LOC', 'WT_LOC', 'WT_LOC', 'WT_LOC', 'WT_LOC'];0.3134538
t8572s1_swap_comp;SCMP;WeakPass;407;[0.1949222, 0.2120026, 0.2136622, 0.2046877, 0.2259831];['WT_LOC', 'WT_LOC', 'WT_LOC', 'WT_LOC', 'WT_LOC'];0.2120026
t8572s2_swap_comp;SCMP;WeakPass;425;[0.2612164, 0.3170784, 0.3426346, 0.3159606, 0.3090793];['WT_LOC', 'WT_LOC', 'WT_LOC', 'WT_LOC', 'WT_LOC'];0.3159606
t8572s3_swap_comp;SCMP;WeakPass;461;[0.4090329, 0.3752224, 0.3423243, 0.3619414, 0.3642158];['WT_LOC', 'WT_LOC', 'WT_LOC', 'WT_LOC', 'WT_LOC'];0.3642158
t8804s1_swap_comp;SCMP;Fail;415;[6.3026836, 5.4463174, 5.3982, 5.4967265, 5.4807771];['NO_LOC', 'NO_LOC', 'NO_LOC', 'NO_LOC', 'NO_LOC'];5.4807771
t8804s2_swap_comp;SCMP;WeakPass;418;[0.2301619, 0.2574493, 0.2840652, 0.314293, 0.2431838];['WT_LOC', 'WT_LOC', 'WT_LOC', 'WT_LOC', 'WT_LOC'];0.2574493
t8804s3_swap_comp;SCMP;Fail;428;[0.0039102, 0.0037652, 0.0041805, 0.0046978, 0.0077816];['NO_LOC', 'NO_LOC', 'NO_LOC', 'NO_LOC', 'NO_LOC'];0.0041805
t9041s1_swap_comp;SCMP;WeakPass;418;[0.4555674, 0.4100655, 0.4493004, 0.3511669, 0.3110494];['WT_LOC', 'WT_LOC', 'WT_LOC', 'WT_LOC', 'WT_LOC'];0.4100655
t9041s2_swap_comp;SCMP;WeakPass;523;[0.4655778, 0.4697414, 0.5008817, 0.5936358, 0.5465244];['WT_LOC', 'WT_LOC', 'WT_LOC', 'WT_LOC', 'WT_LOC'];0.5008817
t9041s3_swap_comp;SCMP;WeakPass;374;[0.2549242, 0.2669045, 0.2631402, 0.2597715, 0.2682978];['WT_LOC', 'WT_LOC', 'WT_LOC', 'WT_LOC', 'WT_LOC'];0.2631402
t916s1_swap_comp;SCMP;WeakPass;405;[0.2746008, 0.256073, 0.2672223, 0.2420967, 0.2441292];['WT_LOC', 'WT_LOC', 'WT_LOC', 'WT_LOC', 'WT_LOC'];0.256073
t916s2_swap_comp;SCMP;WeakPass;503;[0.6042649, 0.5499886, 0.5467008, 0.5533942, 0.4973584];['WT_LOC', 'WT_LOC', 'WT_LOC', 'WT_LOC', 'WT_LOC'];0.5499886
t916s3_swap_comp;SCMP;WeakPass;453;[0.3683459, 0.3491721, 0.3783293, 0.369152, 0.3412455];['WT_LOC', 'WT_LOC', 'WT_LOC', 'WT_LOC', 'WT_LOC'];0.3683459
t9282s1_swap_comp;SCMP;WeakPass;527;[0.4480304, 0.4768735, 0.4688906, 0.5115261, 0.4691663];['WT_LOC', 'WT_LOC', 'WT_LOC', 'WT_LOC', 'WT_LOC'];0.4691663
t9282s2_swap_comp;SCMP;WeakPass;392;[0.2071097, 0.1975092, 0.1941517, 0.2061867, 0.1993285];['WT_LOC', 'WT_LOC', 'WT_LOC', 'WT_LOC', 'WT_LOC'];0.1993285
t9282s3_swap_comp;SCMP;WeakPass;471;[0.3754269, 0.3770259, 0.3810031, 0.3479772, 0.377341];['WT_LOC', 'WT_LOC', 'WT_LOC', 'WT_LOC', 'WT_LOC'];0.3770259
t9536s1_swap_comp;SCMP;WeakPass;444;[0.337642, 0.3250284, 0.2998018, 0.4452787, 0.3873118];['WT_LOC', 'WT_LOC', 'WT_LOC', 'WT_LOC', 'WT_LOC'];0.337642
t9536s2_swap_comp;SCMP;Fail;464;[0.0046701, 0.0047122, 0.0043724, 0.0040584, 0.0040949];['NO_LOC', 'NO_LOC', 'NO_LOC', 'NO_LOC', 'NO_LOC'];0.0043724
t9536s3_swap_comp;SCMP;WeakPass;476;[0.5105942, 0.4743949, 0.4843185, 0.477251, 0.4879297];['WT_LOC', 'WT_LOC', 'WT_LOC', 'WT_LOC', 'WT_LOC'];0.4843185
t9786s1_swap_comp;SCMP;WeakPass;432;[0.2808538, 0.2868037, 0.3231293, 0.2504269, 0.2590505];['WT_LOC', 'WT_LOC', 'WT_LOC', 'WT_LOC', 'WT_LOC'];0.2808538
t9786s2_swap_comp;SCMP;Fail;445;[0.0113309, 0.0117157, 0.0112861, 0.011199, 0.0121319];['NO_LOC', 'NO_LOC', 'NO_LOC', 'NO_LOC', 'NO_LOC'];0.0113309
t9786s3_swap_comp;SCMP;WeakPass;433;[0.2274264, 0.2529892, 0.2490817, 0.2364435, 0.225014];['WT_LOC', 'WT_LOC', 'WT_LOC', 'WT_LOC', 'WT_LOC'];0.2364435
